> Task :gradle-plugin:settings-plugin:checkKotlinGradlePluginConfigurationErrors SKIPPED
> Task :gradle-plugin:shared:checkKotlinGradlePluginConfigurationErrors SKIPPED
> Task :gradle-plugin:shared:compileKotlin UP-TO-DATE
> Task :gradle-plugin:shared:compileJava NO-SOURCE
> Task :gradle-plugin:shared:processResources NO-SOURCE
> Task :gradle-plugin:shared:classes UP-TO-DATE
> Task :gradle-plugin:shared:jar UP-TO-DATE
> Task :gradle-plugin:settings-plugin:compileKotlin UP-TO-DATE
> Task :gradle-plugin:settings-plugin:compileJava NO-SOURCE
> Task :gradle-plugin:settings-plugin:pluginDescriptors UP-TO-DATE
> Task :gradle-plugin:settings-plugin:processResources UP-TO-DATE
> Task :gradle-plugin:settings-plugin:classes UP-TO-DATE
> Task :gradle-plugin:settings-plugin:jar UP-TO-DATE
> Task :gradle-plugin:react-native-gradle-plugin:checkKotlinGradlePluginConfigurationErrors SKIPPED
> Task :gradle-plugin:react-native-gradle-plugin:compileKotlin UP-TO-DATE
> Task :gradle-plugin:react-native-gradle-plugin:compileJava NO-SOURCE
> Task :gradle-plugin:react-native-gradle-plugin:pluginDescriptors UP-TO-DATE
> Task :gradle-plugin:react-native-gradle-plugin:processResources UP-TO-DATE
> Task :gradle-plugin:react-native-gradle-plugin:classes UP-TO-DATE
> Task :gradle-plugin:react-native-gradle-plugin:jar UP-TO-DATE

> Configure project :notifee_react-native
:notifee_react-native @notifee/react-native found at /Users/new/Desktop/ReactProjects/GigPay/node_modules/@notifee/react-native
:notifee_react-native package.json found at /Users/new/Desktop/ReactProjects/GigPay/node_modules/@notifee/react-native/package.json
:notifee_react-native:version set from package.json: 9.1.8 (9,1,8 - 9001008)
:notifee_react-native:android.compileSdk using custom value: 36
:notifee_react-native:android.targetSdk using custom value: 36
:notifee_react-native:android.minSdk using custom value: 29
:notifee_react-native:reactNativeAndroidDir /Users/new/Desktop/ReactProjects/GigPay/node_modules/react-native

> Configure project :react-native-firebase_app
:react-native-firebase_app package.json found at /Users/new/Desktop/ReactProjects/GigPay/node_modules/@react-native-firebase/app/package.json
:react-native-firebase_app:firebase.bom using default value: 34.10.0
:react-native-firebase_app:play.play-services-auth using default value: 21.5.0
:react-native-firebase_app package.json found at /Users/new/Desktop/ReactProjects/GigPay/node_modules/@react-native-firebase/app/package.json
:react-native-firebase_app:version set from package.json: 24.0.0 (24,0,0 - 24000000)
:react-native-firebase_app:android.compileSdk using custom value: 36
:react-native-firebase_app:android.targetSdk using custom value: 36
:react-native-firebase_app:android.minSdk using custom value: 29
:react-native-firebase_app:reactNativeAndroidDir /Users/new/Desktop/ReactProjects/GigPay/node_modules/react-native

> Configure project :react-native-firebase_crashlytics
:react-native-firebase_crashlytics package.json found at /Users/new/Desktop/ReactProjects/GigPay/node_modules/@react-native-firebase/crashlytics/package.json
:react-native-firebase_app package.json found at /Users/new/Desktop/ReactProjects/GigPay/node_modules/@react-native-firebase/app/package.json
:react-native-firebase_crashlytics:firebase.bom using default value: 34.10.0
:react-native-firebase_crashlytics package.json found at /Users/new/Desktop/ReactProjects/GigPay/node_modules/@react-native-firebase/crashlytics/package.json
:react-native-firebase_crashlytics:version set from package.json: 24.0.0 (24,0,0 - 24000000)
:react-native-firebase_crashlytics:android.compileSdk using custom value: 36
:react-native-firebase_crashlytics:android.targetSdk using custom value: 36
:react-native-firebase_crashlytics:android.minSdk using custom value: 29
:react-native-firebase_crashlytics:reactNativeAndroidDir /Users/new/Desktop/ReactProjects/GigPay/node_modules/react-native

> Configure project :react-native-firebase_messaging
:react-native-firebase_messaging package.json found at /Users/new/Desktop/ReactProjects/GigPay/node_modules/@react-native-firebase/messaging/package.json
:react-native-firebase_app package.json found at /Users/new/Desktop/ReactProjects/GigPay/node_modules/@react-native-firebase/app/package.json
:react-native-firebase_messaging:firebase.bom using default value: 34.10.0
:react-native-firebase_messaging package.json found at /Users/new/Desktop/ReactProjects/GigPay/node_modules/@react-native-firebase/messaging/package.json
:react-native-firebase_messaging:version set from package.json: 24.0.0 (24,0,0 - 24000000)
:react-native-firebase_messaging:android.compileSdk using custom value: 36
:react-native-firebase_messaging:android.targetSdk using custom value: 36
:react-native-firebase_messaging:android.minSdk using custom value: 29
:react-native-firebase_messaging:reactNativeAndroidDir /Users/new/Desktop/ReactProjects/GigPay/node_modules/react-native

> Configure project :react-native-firebase_perf
:react-native-firebase_perf package.json found at /Users/new/Desktop/ReactProjects/GigPay/node_modules/@react-native-firebase/perf/package.json
:react-native-firebase_app package.json found at /Users/new/Desktop/ReactProjects/GigPay/node_modules/@react-native-firebase/app/package.json
:react-native-firebase_perf:firebase.bom using default value: 34.10.0
:react-native-firebase_perf package.json found at /Users/new/Desktop/ReactProjects/GigPay/node_modules/@react-native-firebase/perf/package.json
:react-native-firebase_perf:version set from package.json: 24.0.0 (24,0,0 - 24000000)
:react-native-firebase_perf:android.compileSdk using custom value: 36
:react-native-firebase_perf:android.targetSdk using custom value: 36
:react-native-firebase_perf:android.minSdk using custom value: 29
:react-native-firebase_perf:reactNativeAndroidDir /Users/new/Desktop/ReactProjects/GigPay/node_modules/react-native

> Configure project :react-native-mmkv
[NitroModules] 🔥 NitroMmkv is boosted by nitro!

> Configure project :react-native-nitro-modules
[NitroModules] 🔥 Your app is boosted by nitro modules!

> Task :app:generateAutolinkingNewArchitectureFiles UP-TO-DATE
> Task :app:generateAutolinkingPackageList UP-TO-DATE
> Task :app:generateCodegenSchemaFromJavaScript SKIPPED
> Task :app:generateCodegenArtifactsFromSchema SKIPPED
> Task :app:generateReactNativeEntryPoint UP-TO-DATE
> Task :lottie-react-native:generateCodegenSchemaFromJavaScript UP-TO-DATE
> Task :lottie-react-native:generateCodegenArtifactsFromSchema UP-TO-DATE
> Task :lottie-react-native:preBuild UP-TO-DATE
> Task :notifee_react-native:preBuild UP-TO-DATE
> Task :react-native-android-location-enabler:generateCodegenSchemaFromJavaScript UP-TO-DATE
> Task :react-native-android-location-enabler:generateCodegenArtifactsFromSchema UP-TO-DATE
> Task :react-native-android-location-enabler:preBuild UP-TO-DATE
> Task :react-native-blob-util:generateCodegenSchemaFromJavaScript UP-TO-DATE
> Task :react-native-blob-util:generateCodegenArtifactsFromSchema UP-TO-DATE
> Task :react-native-blob-util:preBuild UP-TO-DATE
> Task :react-native-bootsplash:generateCodegenSchemaFromJavaScript UP-TO-DATE
> Task :react-native-bootsplash:generateCodegenArtifactsFromSchema UP-TO-DATE
> Task :react-native-bootsplash:preBuild UP-TO-DATE
> Task :react-native-clipboard_clipboard:generateCodegenSchemaFromJavaScript UP-TO-DATE
> Task :react-native-clipboard_clipboard:generateCodegenArtifactsFromSchema UP-TO-DATE
> Task :react-native-clipboard_clipboard:preBuild UP-TO-DATE
> Task :react-native-community_geolocation:generateCodegenSchemaFromJavaScript UP-TO-DATE
> Task :react-native-community_geolocation:generateCodegenArtifactsFromSchema UP-TO-DATE
> Task :react-native-community_geolocation:preBuild UP-TO-DATE
> Task :react-native-community_netinfo:generateCodegenSchemaFromJavaScript UP-TO-DATE
> Task :react-native-community_netinfo:generateCodegenArtifactsFromSchema UP-TO-DATE
> Task :react-native-community_netinfo:preBuild UP-TO-DATE
> Task :react-native-date-picker:generateCodegenSchemaFromJavaScript UP-TO-DATE
> Task :react-native-date-picker:generateCodegenArtifactsFromSchema UP-TO-DATE
> Task :react-native-date-picker:preBuild UP-TO-DATE
> Task :react-native-device-info:preBuild UP-TO-DATE
> Task :react-native-documents_picker:generateCodegenSchemaFromJavaScript UP-TO-DATE
> Task :react-native-documents_picker:generateCodegenArtifactsFromSchema UP-TO-DATE
> Task :react-native-documents_picker:preBuild UP-TO-DATE
> Task :react-native-fast-image:preBuild UP-TO-DATE
> Task :react-native-file-viewer:preBuild UP-TO-DATE
> Task :react-native-firebase_app:preBuild UP-TO-DATE
> Task :react-native-firebase_crashlytics:preBuild UP-TO-DATE
> Task :react-native-firebase_messaging:preBuild UP-TO-DATE
> Task :react-native-firebase_perf:preBuild UP-TO-DATE
> Task :react-native-geolocation-service:preBuild UP-TO-DATE
> Task :react-native-gesture-handler:generateCodegenSchemaFromJavaScript UP-TO-DATE
> Task :react-native-gesture-handler:generateCodegenArtifactsFromSchema UP-TO-DATE
> Task :react-native-gesture-handler:preBuild UP-TO-DATE
> Task :react-native-image-picker:generateCodegenSchemaFromJavaScript UP-TO-DATE
> Task :react-native-image-picker:generateCodegenArtifactsFromSchema UP-TO-DATE
> Task :react-native-image-picker:preBuild UP-TO-DATE
> Task :react-native-linear-gradient:preBuild UP-TO-DATE
> Task :react-native-localize:generateCodegenSchemaFromJavaScript UP-TO-DATE
> Task :react-native-localize:generateCodegenArtifactsFromSchema UP-TO-DATE
> Task :react-native-localize:preBuild UP-TO-DATE
> Task :react-native-maps:generateCodegenSchemaFromJavaScript SKIPPED
> Task :react-native-maps:generateCodegenArtifactsFromSchema SKIPPED
> Task :react-native-maps:preBuild UP-TO-DATE
> Task :react-native-menu_menu:generateCodegenSchemaFromJavaScript UP-TO-DATE
> Task :react-native-menu_menu:generateCodegenArtifactsFromSchema UP-TO-DATE
> Task :react-native-menu_menu:preBuild UP-TO-DATE

> Task :react-native-mmkv:generateCodegenSchemaFromJavaScript
No modules to process in combine-js-to-schema-cli. If this is unexpected, please check if you set up your NativeComponent correctly. See combine-js-to-schema.js for how codegen finds modules.

> Task :react-native-mmkv:generateCodegenArtifactsFromSchema
> Task :react-native-mmkv:preBuild
> Task :react-native-nitro-modules:generateCodegenSchemaFromJavaScript UP-TO-DATE
> Task :react-native-nitro-modules:generateCodegenArtifactsFromSchema UP-TO-DATE
> Task :react-native-nitro-modules:prepareHeaders UP-TO-DATE
> Task :react-native-nitro-modules:preBuild UP-TO-DATE
> Task :react-native-permissions:generateCodegenSchemaFromJavaScript UP-TO-DATE
> Task :react-native-permissions:generateCodegenArtifactsFromSchema UP-TO-DATE
> Task :react-native-permissions:preBuild UP-TO-DATE
> Task :react-native-reanimated:assertMinimalReactNativeVersionTask
> Task :react-native-reanimated:assertWorkletsVersionTask
> Task :react-native-reanimated:generateCodegenSchemaFromJavaScript UP-TO-DATE
> Task :react-native-reanimated:generateCodegenArtifactsFromSchema UP-TO-DATE
> Task :react-native-reanimated:prepareReanimatedHeadersForPrefabs UP-TO-DATE
> Task :react-native-reanimated:preBuild
> Task :react-native-safe-area-context:generateCodegenSchemaFromJavaScript UP-TO-DATE
> Task :react-native-safe-area-context:generateCodegenArtifactsFromSchema UP-TO-DATE
> Task :react-native-safe-area-context:preBuild UP-TO-DATE
> Task :react-native-screens:generateCodegenSchemaFromJavaScript UP-TO-DATE
> Task :react-native-screens:generateCodegenArtifactsFromSchema UP-TO-DATE
> Task :react-native-screens:preBuild UP-TO-DATE
> Task :react-native-svg:generateCodegenSchemaFromJavaScript UP-TO-DATE
> Task :react-native-svg:generateCodegenArtifactsFromSchema UP-TO-DATE
> Task :react-native-svg:preBuild UP-TO-DATE
> Task :react-native-webview:generateCodegenSchemaFromJavaScript UP-TO-DATE
> Task :react-native-webview:generateCodegenArtifactsFromSchema UP-TO-DATE
> Task :react-native-webview:preBuild UP-TO-DATE
> Task :react-native-worklets:assertMinimalReactNativeVersionTask
> Task :react-native-worklets:generateCodegenSchemaFromJavaScript UP-TO-DATE
> Task :react-native-worklets:generateCodegenArtifactsFromSchema UP-TO-DATE
> Task :react-native-worklets:prepareWorkletsHeadersForPrefabs UP-TO-DATE
> Task :react-native-worklets:preBuild
> Task :rn-animated-tabbar:preBuild UP-TO-DATE
> Task :shiftsmartinc_react-native-zendesk-support:preBuild UP-TO-DATE
> Task :sp-react-native-in-app-updates:preBuild UP-TO-DATE
> Task :sumsub_react-native-mobilesdk-module:preBuild UP-TO-DATE
> Task :app:preBuild
> Task :app:preDebugBuild
> Task :app:mergeDebugNativeDebugMetadata NO-SOURCE
> Task :app:checkKotlinGradlePluginConfigurationErrors SKIPPED
> Task :app:generateDebugBuildConfig UP-TO-DATE
> Task :lottie-react-native:preDebugBuild UP-TO-DATE
> Task :lottie-react-native:writeDebugAarMetadata UP-TO-DATE
> Task :notifee_react-native:preDebugBuild UP-TO-DATE
> Task :notifee_react-native:writeDebugAarMetadata UP-TO-DATE
> Task :react-native-android-location-enabler:preDebugBuild UP-TO-DATE
> Task :react-native-android-location-enabler:writeDebugAarMetadata UP-TO-DATE
> Task :react-native-blob-util:preDebugBuild UP-TO-DATE
> Task :react-native-blob-util:writeDebugAarMetadata UP-TO-DATE
> Task :react-native-bootsplash:preDebugBuild UP-TO-DATE
> Task :react-native-bootsplash:writeDebugAarMetadata UP-TO-DATE
> Task :react-native-clipboard_clipboard:preDebugBuild UP-TO-DATE
> Task :react-native-clipboard_clipboard:writeDebugAarMetadata UP-TO-DATE
> Task :react-native-community_geolocation:preDebugBuild UP-TO-DATE
> Task :react-native-community_geolocation:writeDebugAarMetadata UP-TO-DATE
> Task :react-native-community_netinfo:preDebugBuild UP-TO-DATE
> Task :react-native-community_netinfo:writeDebugAarMetadata UP-TO-DATE
> Task :react-native-date-picker:preDebugBuild UP-TO-DATE
> Task :react-native-date-picker:writeDebugAarMetadata UP-TO-DATE
> Task :react-native-device-info:preDebugBuild UP-TO-DATE
> Task :react-native-device-info:writeDebugAarMetadata UP-TO-DATE
> Task :react-native-documents_picker:preDebugBuild UP-TO-DATE
> Task :react-native-documents_picker:writeDebugAarMetadata UP-TO-DATE
> Task :react-native-fast-image:preDebugBuild UP-TO-DATE
> Task :react-native-fast-image:writeDebugAarMetadata UP-TO-DATE
> Task :react-native-file-viewer:preDebugBuild UP-TO-DATE
> Task :react-native-file-viewer:writeDebugAarMetadata UP-TO-DATE
> Task :react-native-firebase_app:preDebugBuild UP-TO-DATE
> Task :react-native-firebase_app:writeDebugAarMetadata UP-TO-DATE
> Task :react-native-firebase_crashlytics:preDebugBuild UP-TO-DATE
> Task :react-native-firebase_crashlytics:writeDebugAarMetadata UP-TO-DATE
> Task :react-native-firebase_messaging:preDebugBuild UP-TO-DATE
> Task :react-native-firebase_messaging:writeDebugAarMetadata UP-TO-DATE
> Task :react-native-firebase_perf:preDebugBuild UP-TO-DATE
> Task :react-native-firebase_perf:writeDebugAarMetadata UP-TO-DATE
> Task :react-native-geolocation-service:preDebugBuild UP-TO-DATE
> Task :react-native-geolocation-service:writeDebugAarMetadata UP-TO-DATE
> Task :react-native-gesture-handler:preDebugBuild UP-TO-DATE
> Task :react-native-gesture-handler:writeDebugAarMetadata UP-TO-DATE
> Task :react-native-image-picker:preDebugBuild UP-TO-DATE
> Task :react-native-image-picker:writeDebugAarMetadata UP-TO-DATE
> Task :react-native-linear-gradient:preDebugBuild UP-TO-DATE
> Task :react-native-linear-gradient:writeDebugAarMetadata UP-TO-DATE
> Task :react-native-localize:preDebugBuild UP-TO-DATE
> Task :react-native-localize:writeDebugAarMetadata UP-TO-DATE
> Task :react-native-maps:preDebugBuild UP-TO-DATE
> Task :react-native-maps:writeDebugAarMetadata UP-TO-DATE
> Task :react-native-menu_menu:preDebugBuild UP-TO-DATE
> Task :react-native-menu_menu:writeDebugAarMetadata UP-TO-DATE
> Task :react-native-mmkv:preDebugBuild
> Task :react-native-mmkv:writeDebugAarMetadata UP-TO-DATE
> Task :react-native-nitro-modules:preDebugBuild UP-TO-DATE
> Task :react-native-nitro-modules:writeDebugAarMetadata UP-TO-DATE
> Task :react-native-permissions:preDebugBuild UP-TO-DATE
> Task :react-native-permissions:writeDebugAarMetadata UP-TO-DATE
> Task :react-native-reanimated:preDebugBuild
> Task :react-native-reanimated:writeDebugAarMetadata UP-TO-DATE
> Task :react-native-safe-area-context:preDebugBuild UP-TO-DATE
> Task :react-native-safe-area-context:writeDebugAarMetadata UP-TO-DATE
> Task :react-native-screens:preDebugBuild UP-TO-DATE
> Task :react-native-screens:writeDebugAarMetadata UP-TO-DATE
> Task :react-native-svg:preDebugBuild UP-TO-DATE
> Task :react-native-svg:writeDebugAarMetadata UP-TO-DATE
> Task :react-native-webview:preDebugBuild UP-TO-DATE
> Task :react-native-webview:writeDebugAarMetadata UP-TO-DATE
> Task :react-native-worklets:preDebugBuild
> Task :react-native-worklets:writeDebugAarMetadata UP-TO-DATE
> Task :rn-animated-tabbar:preDebugBuild UP-TO-DATE
> Task :rn-animated-tabbar:writeDebugAarMetadata UP-TO-DATE
> Task :shiftsmartinc_react-native-zendesk-support:preDebugBuild UP-TO-DATE
> Task :shiftsmartinc_react-native-zendesk-support:writeDebugAarMetadata UP-TO-DATE
> Task :sp-react-native-in-app-updates:preDebugBuild UP-TO-DATE
> Task :sp-react-native-in-app-updates:writeDebugAarMetadata UP-TO-DATE
> Task :sumsub_react-native-mobilesdk-module:preDebugBuild UP-TO-DATE
> Task :sumsub_react-native-mobilesdk-module:writeDebugAarMetadata UP-TO-DATE
> Task :app:checkDebugAarMetadata UP-TO-DATE
> Task :app:generateDebugResValues UP-TO-DATE
> Task :app:injectCrashlyticsMappingFileIdDebug UP-TO-DATE
> Task :app:processDebugGoogleServices UP-TO-DATE
> Task :lottie-react-native:generateDebugResValues UP-TO-DATE
> Task :lottie-react-native:generateDebugResources UP-TO-DATE
> Task :lottie-react-native:packageDebugResources UP-TO-DATE
> Task :notifee_react-native:generateDebugResValues UP-TO-DATE
> Task :notifee_react-native:generateDebugResources UP-TO-DATE
> Task :notifee_react-native:packageDebugResources UP-TO-DATE
> Task :react-native-android-location-enabler:generateDebugResValues UP-TO-DATE
> Task :react-native-android-location-enabler:generateDebugResources UP-TO-DATE
> Task :react-native-android-location-enabler:packageDebugResources UP-TO-DATE
> Task :react-native-blob-util:generateDebugResValues UP-TO-DATE
> Task :react-native-blob-util:generateDebugResources UP-TO-DATE
> Task :react-native-blob-util:packageDebugResources UP-TO-DATE
> Task :react-native-bootsplash:generateDebugResValues UP-TO-DATE
> Task :react-native-bootsplash:generateDebugResources UP-TO-DATE
> Task :react-native-bootsplash:packageDebugResources UP-TO-DATE
> Task :react-native-clipboard_clipboard:generateDebugResValues UP-TO-DATE
> Task :react-native-clipboard_clipboard:generateDebugResources UP-TO-DATE
> Task :react-native-clipboard_clipboard:packageDebugResources UP-TO-DATE
> Task :react-native-community_geolocation:generateDebugResValues UP-TO-DATE
> Task :react-native-community_geolocation:generateDebugResources UP-TO-DATE
> Task :react-native-community_geolocation:packageDebugResources UP-TO-DATE
> Task :react-native-community_netinfo:generateDebugResValues UP-TO-DATE
> Task :react-native-community_netinfo:generateDebugResources UP-TO-DATE
> Task :react-native-community_netinfo:packageDebugResources UP-TO-DATE
> Task :react-native-date-picker:generateDebugResValues UP-TO-DATE
> Task :react-native-date-picker:generateDebugResources UP-TO-DATE
> Task :react-native-date-picker:packageDebugResources UP-TO-DATE
> Task :react-native-device-info:generateDebugResValues UP-TO-DATE
> Task :react-native-device-info:generateDebugResources UP-TO-DATE
> Task :react-native-device-info:packageDebugResources UP-TO-DATE
> Task :react-native-documents_picker:generateDebugResValues UP-TO-DATE
> Task :react-native-documents_picker:generateDebugResources UP-TO-DATE
> Task :react-native-documents_picker:packageDebugResources UP-TO-DATE
> Task :react-native-fast-image:generateDebugResValues UP-TO-DATE
> Task :react-native-fast-image:generateDebugResources UP-TO-DATE
> Task :react-native-fast-image:packageDebugResources UP-TO-DATE
> Task :react-native-file-viewer:generateDebugResValues UP-TO-DATE
> Task :react-native-file-viewer:generateDebugResources UP-TO-DATE
> Task :react-native-file-viewer:packageDebugResources UP-TO-DATE
> Task :react-native-firebase_app:generateDebugResValues UP-TO-DATE
> Task :react-native-firebase_app:generateDebugResources UP-TO-DATE
> Task :react-native-firebase_app:packageDebugResources UP-TO-DATE
> Task :react-native-firebase_crashlytics:generateDebugResValues UP-TO-DATE
> Task :react-native-firebase_crashlytics:generateDebugResources UP-TO-DATE
> Task :react-native-firebase_crashlytics:packageDebugResources UP-TO-DATE
> Task :react-native-firebase_messaging:generateDebugResValues UP-TO-DATE
> Task :react-native-firebase_messaging:generateDebugResources UP-TO-DATE
> Task :react-native-firebase_messaging:packageDebugResources UP-TO-DATE
> Task :react-native-firebase_perf:generateDebugResValues UP-TO-DATE
> Task :react-native-firebase_perf:generateDebugResources UP-TO-DATE
> Task :react-native-firebase_perf:packageDebugResources UP-TO-DATE
> Task :react-native-geolocation-service:generateDebugResValues UP-TO-DATE
> Task :react-native-geolocation-service:generateDebugResources UP-TO-DATE
> Task :react-native-geolocation-service:packageDebugResources UP-TO-DATE
> Task :react-native-gesture-handler:generateDebugResValues UP-TO-DATE
> Task :react-native-gesture-handler:generateDebugResources UP-TO-DATE
> Task :react-native-gesture-handler:packageDebugResources UP-TO-DATE
> Task :react-native-image-picker:generateDebugResValues UP-TO-DATE
> Task :react-native-image-picker:generateDebugResources UP-TO-DATE
> Task :react-native-image-picker:packageDebugResources UP-TO-DATE
> Task :react-native-linear-gradient:generateDebugResValues UP-TO-DATE
> Task :react-native-linear-gradient:generateDebugResources UP-TO-DATE
> Task :react-native-linear-gradient:packageDebugResources UP-TO-DATE
> Task :react-native-localize:generateDebugResValues UP-TO-DATE
> Task :react-native-localize:generateDebugResources UP-TO-DATE
> Task :react-native-localize:packageDebugResources UP-TO-DATE
> Task :react-native-maps:generateDebugResValues UP-TO-DATE
> Task :react-native-maps:generateDebugResources UP-TO-DATE
> Task :react-native-maps:packageDebugResources UP-TO-DATE
> Task :react-native-menu_menu:generateDebugResValues UP-TO-DATE
> Task :react-native-menu_menu:generateDebugResources UP-TO-DATE
> Task :react-native-menu_menu:packageDebugResources UP-TO-DATE
> Task :react-native-mmkv:generateDebugResValues UP-TO-DATE
> Task :react-native-mmkv:generateDebugResources UP-TO-DATE
> Task :react-native-mmkv:packageDebugResources UP-TO-DATE
> Task :react-native-nitro-modules:generateDebugResValues UP-TO-DATE
> Task :react-native-nitro-modules:generateDebugResources UP-TO-DATE
> Task :react-native-nitro-modules:packageDebugResources UP-TO-DATE
> Task :react-native-permissions:generateDebugResValues UP-TO-DATE
> Task :react-native-permissions:generateDebugResources UP-TO-DATE
> Task :react-native-permissions:packageDebugResources UP-TO-DATE
> Task :react-native-reanimated:generateDebugResValues UP-TO-DATE
> Task :react-native-reanimated:generateDebugResources UP-TO-DATE
> Task :react-native-reanimated:packageDebugResources UP-TO-DATE
> Task :react-native-safe-area-context:generateDebugResValues UP-TO-DATE
> Task :react-native-safe-area-context:generateDebugResources UP-TO-DATE
> Task :react-native-safe-area-context:packageDebugResources UP-TO-DATE
> Task :react-native-screens:generateDebugResValues UP-TO-DATE
> Task :react-native-screens:generateDebugResources UP-TO-DATE
> Task :react-native-screens:packageDebugResources UP-TO-DATE
> Task :react-native-svg:generateDebugResValues UP-TO-DATE
> Task :react-native-svg:generateDebugResources UP-TO-DATE
> Task :react-native-svg:packageDebugResources UP-TO-DATE
> Task :react-native-webview:generateDebugResValues UP-TO-DATE
> Task :react-native-webview:generateDebugResources UP-TO-DATE
> Task :react-native-webview:packageDebugResources UP-TO-DATE
> Task :react-native-worklets:generateDebugResValues UP-TO-DATE
> Task :react-native-worklets:generateDebugResources UP-TO-DATE
> Task :react-native-worklets:packageDebugResources UP-TO-DATE
> Task :rn-animated-tabbar:generateDebugResValues UP-TO-DATE
> Task :rn-animated-tabbar:generateDebugResources UP-TO-DATE
> Task :rn-animated-tabbar:packageDebugResources UP-TO-DATE
> Task :shiftsmartinc_react-native-zendesk-support:generateDebugResValues UP-TO-DATE
> Task :shiftsmartinc_react-native-zendesk-support:generateDebugResources UP-TO-DATE
> Task :shiftsmartinc_react-native-zendesk-support:packageDebugResources UP-TO-DATE
> Task :sp-react-native-in-app-updates:generateDebugResValues UP-TO-DATE
> Task :sp-react-native-in-app-updates:generateDebugResources UP-TO-DATE
> Task :sp-react-native-in-app-updates:packageDebugResources UP-TO-DATE
> Task :sumsub_react-native-mobilesdk-module:generateDebugResValues UP-TO-DATE
> Task :sumsub_react-native-mobilesdk-module:generateDebugResources UP-TO-DATE
> Task :sumsub_react-native-mobilesdk-module:packageDebugResources UP-TO-DATE
> Task :app:mapDebugSourceSetPaths UP-TO-DATE
> Task :app:generateDebugResources UP-TO-DATE
> Task :app:mergeDebugResources UP-TO-DATE
> Task :app:packageDebugResources UP-TO-DATE
> Task :app:parseDebugLocalResources UP-TO-DATE
> Task :app:createDebugCompatibleScreenManifests UP-TO-DATE
> Task :app:extractDeepLinksDebug UP-TO-DATE
> Task :lottie-react-native:extractDeepLinksDebug UP-TO-DATE
> Task :lottie-react-native:processDebugManifest UP-TO-DATE
> Task :notifee_react-native:extractDeepLinksDebug UP-TO-DATE
> Task :notifee_react-native:processDebugManifest UP-TO-DATE
> Task :react-native-android-location-enabler:extractDeepLinksDebug UP-TO-DATE
> Task :react-native-android-location-enabler:processDebugManifest UP-TO-DATE
> Task :react-native-blob-util:extractDeepLinksDebug UP-TO-DATE
> Task :react-native-blob-util:processDebugManifest UP-TO-DATE
> Task :react-native-bootsplash:extractDeepLinksDebug UP-TO-DATE
> Task :react-native-bootsplash:processDebugManifest UP-TO-DATE
> Task :react-native-clipboard_clipboard:extractDeepLinksDebug UP-TO-DATE
> Task :react-native-clipboard_clipboard:processDebugManifest UP-TO-DATE
> Task :react-native-community_geolocation:extractDeepLinksDebug UP-TO-DATE
> Task :react-native-community_geolocation:processDebugManifest UP-TO-DATE
> Task :react-native-community_netinfo:extractDeepLinksDebug UP-TO-DATE
> Task :react-native-community_netinfo:processDebugManifest UP-TO-DATE
> Task :react-native-date-picker:extractDeepLinksDebug UP-TO-DATE
> Task :react-native-date-picker:processDebugManifest UP-TO-DATE
> Task :react-native-device-info:extractDeepLinksDebug UP-TO-DATE
> Task :react-native-device-info:processDebugManifest UP-TO-DATE
> Task :react-native-documents_picker:extractDeepLinksDebug UP-TO-DATE
> Task :react-native-documents_picker:processDebugManifest UP-TO-DATE
> Task :react-native-fast-image:extractDeepLinksDebug UP-TO-DATE
> Task :react-native-fast-image:processDebugManifest UP-TO-DATE
> Task :react-native-file-viewer:extractDeepLinksDebug UP-TO-DATE
> Task :react-native-file-viewer:processDebugManifest UP-TO-DATE
> Task :react-native-firebase_app:extractDeepLinksDebug UP-TO-DATE
> Task :react-native-firebase_app:processDebugManifest UP-TO-DATE
> Task :react-native-firebase_crashlytics:extractDeepLinksDebug UP-TO-DATE
> Task :react-native-firebase_crashlytics:processDebugManifest UP-TO-DATE
> Task :react-native-firebase_messaging:extractDeepLinksDebug UP-TO-DATE
> Task :react-native-firebase_messaging:processDebugManifest UP-TO-DATE
> Task :react-native-firebase_perf:extractDeepLinksDebug UP-TO-DATE
> Task :react-native-firebase_perf:processDebugManifest UP-TO-DATE
> Task :react-native-geolocation-service:extractDeepLinksDebug UP-TO-DATE
> Task :react-native-geolocation-service:processDebugManifest UP-TO-DATE
> Task :react-native-gesture-handler:extractDeepLinksDebug UP-TO-DATE
> Task :react-native-gesture-handler:processDebugManifest UP-TO-DATE
> Task :react-native-image-picker:extractDeepLinksDebug UP-TO-DATE
> Task :react-native-image-picker:processDebugManifest UP-TO-DATE
> Task :react-native-linear-gradient:extractDeepLinksDebug UP-TO-DATE
> Task :react-native-linear-gradient:processDebugManifest UP-TO-DATE
> Task :react-native-localize:extractDeepLinksDebug UP-TO-DATE
> Task :react-native-localize:processDebugManifest UP-TO-DATE
> Task :react-native-maps:extractDeepLinksDebug UP-TO-DATE
> Task :react-native-maps:processDebugManifest UP-TO-DATE
> Task :react-native-menu_menu:extractDeepLinksDebug UP-TO-DATE
> Task :react-native-menu_menu:processDebugManifest UP-TO-DATE
> Task :react-native-mmkv:extractDeepLinksDebug UP-TO-DATE
> Task :react-native-mmkv:processDebugManifest UP-TO-DATE
> Task :react-native-nitro-modules:extractDeepLinksDebug UP-TO-DATE
> Task :react-native-nitro-modules:processDebugManifest UP-TO-DATE
> Task :react-native-permissions:extractDeepLinksDebug UP-TO-DATE
> Task :react-native-permissions:processDebugManifest UP-TO-DATE
> Task :react-native-reanimated:extractDeepLinksDebug UP-TO-DATE
> Task :react-native-reanimated:processDebugManifest UP-TO-DATE
> Task :react-native-safe-area-context:extractDeepLinksDebug UP-TO-DATE
> Task :react-native-safe-area-context:processDebugManifest UP-TO-DATE
> Task :react-native-screens:extractDeepLinksDebug UP-TO-DATE
> Task :react-native-screens:processDebugManifest UP-TO-DATE
> Task :react-native-svg:extractDeepLinksDebug UP-TO-DATE
> Task :react-native-svg:processDebugManifest UP-TO-DATE
> Task :react-native-webview:extractDeepLinksDebug UP-TO-DATE
> Task :react-native-webview:processDebugManifest UP-TO-DATE
> Task :react-native-worklets:extractDeepLinksDebug UP-TO-DATE
> Task :react-native-worklets:processDebugManifest UP-TO-DATE
> Task :rn-animated-tabbar:extractDeepLinksDebug UP-TO-DATE
> Task :rn-animated-tabbar:processDebugManifest UP-TO-DATE
> Task :shiftsmartinc_react-native-zendesk-support:extractDeepLinksDebug UP-TO-DATE
> Task :shiftsmartinc_react-native-zendesk-support:processDebugManifest UP-TO-DATE
> Task :sp-react-native-in-app-updates:extractDeepLinksDebug UP-TO-DATE
> Task :sp-react-native-in-app-updates:processDebugManifest UP-TO-DATE
> Task :sumsub_react-native-mobilesdk-module:extractDeepLinksDebug UP-TO-DATE
> Task :sumsub_react-native-mobilesdk-module:processDebugManifest UP-TO-DATE
> Task :app:processDebugMainManifest UP-TO-DATE
> Task :app:processDebugManifest UP-TO-DATE
> Task :app:processDebugManifestForPackage UP-TO-DATE
> Task :lottie-react-native:compileDebugLibraryResources UP-TO-DATE
> Task :lottie-react-native:parseDebugLocalResources UP-TO-DATE
> Task :lottie-react-native:generateDebugRFile UP-TO-DATE
> Task :notifee_react-native:compileDebugLibraryResources UP-TO-DATE
> Task :notifee_react-native:parseDebugLocalResources UP-TO-DATE
> Task :notifee_react-native:generateDebugRFile UP-TO-DATE
> Task :react-native-android-location-enabler:compileDebugLibraryResources UP-TO-DATE
> Task :react-native-android-location-enabler:parseDebugLocalResources UP-TO-DATE
> Task :react-native-android-location-enabler:generateDebugRFile UP-TO-DATE
> Task :react-native-blob-util:compileDebugLibraryResources UP-TO-DATE
> Task :react-native-blob-util:parseDebugLocalResources UP-TO-DATE
> Task :react-native-blob-util:generateDebugRFile UP-TO-DATE
> Task :react-native-bootsplash:compileDebugLibraryResources UP-TO-DATE
> Task :react-native-bootsplash:parseDebugLocalResources UP-TO-DATE
> Task :react-native-bootsplash:generateDebugRFile UP-TO-DATE
> Task :react-native-clipboard_clipboard:compileDebugLibraryResources UP-TO-DATE
> Task :react-native-clipboard_clipboard:parseDebugLocalResources UP-TO-DATE
> Task :react-native-clipboard_clipboard:generateDebugRFile UP-TO-DATE
> Task :react-native-community_geolocation:compileDebugLibraryResources UP-TO-DATE
> Task :react-native-community_geolocation:parseDebugLocalResources UP-TO-DATE
> Task :react-native-community_geolocation:generateDebugRFile UP-TO-DATE
> Task :react-native-community_netinfo:compileDebugLibraryResources UP-TO-DATE
> Task :react-native-community_netinfo:parseDebugLocalResources UP-TO-DATE
> Task :react-native-community_netinfo:generateDebugRFile UP-TO-DATE
> Task :react-native-date-picker:compileDebugLibraryResources UP-TO-DATE
> Task :react-native-date-picker:parseDebugLocalResources UP-TO-DATE
> Task :react-native-date-picker:generateDebugRFile UP-TO-DATE
> Task :react-native-device-info:compileDebugLibraryResources UP-TO-DATE
> Task :react-native-device-info:parseDebugLocalResources UP-TO-DATE
> Task :react-native-device-info:generateDebugRFile UP-TO-DATE
> Task :react-native-documents_picker:compileDebugLibraryResources UP-TO-DATE
> Task :react-native-documents_picker:parseDebugLocalResources UP-TO-DATE
> Task :react-native-documents_picker:generateDebugRFile UP-TO-DATE
> Task :react-native-fast-image:compileDebugLibraryResources UP-TO-DATE
> Task :react-native-fast-image:parseDebugLocalResources UP-TO-DATE
> Task :react-native-fast-image:generateDebugRFile UP-TO-DATE
> Task :react-native-file-viewer:compileDebugLibraryResources UP-TO-DATE
> Task :react-native-file-viewer:parseDebugLocalResources UP-TO-DATE
> Task :react-native-file-viewer:generateDebugRFile UP-TO-DATE
> Task :react-native-firebase_app:compileDebugLibraryResources UP-TO-DATE
> Task :react-native-firebase_app:parseDebugLocalResources UP-TO-DATE
> Task :react-native-firebase_app:generateDebugRFile UP-TO-DATE
> Task :react-native-firebase_crashlytics:compileDebugLibraryResources UP-TO-DATE
> Task :react-native-firebase_crashlytics:parseDebugLocalResources UP-TO-DATE
> Task :react-native-firebase_crashlytics:generateDebugRFile UP-TO-DATE
> Task :react-native-firebase_messaging:compileDebugLibraryResources UP-TO-DATE
> Task :react-native-firebase_messaging:parseDebugLocalResources UP-TO-DATE
> Task :react-native-firebase_messaging:generateDebugRFile UP-TO-DATE
> Task :react-native-firebase_perf:compileDebugLibraryResources UP-TO-DATE
> Task :react-native-firebase_perf:parseDebugLocalResources UP-TO-DATE
> Task :react-native-firebase_perf:generateDebugRFile UP-TO-DATE
> Task :react-native-geolocation-service:compileDebugLibraryResources UP-TO-DATE
> Task :react-native-geolocation-service:parseDebugLocalResources UP-TO-DATE
> Task :react-native-geolocation-service:generateDebugRFile UP-TO-DATE
> Task :react-native-gesture-handler:compileDebugLibraryResources UP-TO-DATE
> Task :react-native-gesture-handler:parseDebugLocalResources UP-TO-DATE
> Task :react-native-gesture-handler:generateDebugRFile UP-TO-DATE
> Task :react-native-image-picker:compileDebugLibraryResources UP-TO-DATE
> Task :react-native-image-picker:parseDebugLocalResources UP-TO-DATE
> Task :react-native-image-picker:generateDebugRFile UP-TO-DATE
> Task :react-native-linear-gradient:compileDebugLibraryResources UP-TO-DATE
> Task :react-native-linear-gradient:parseDebugLocalResources UP-TO-DATE
> Task :react-native-linear-gradient:generateDebugRFile UP-TO-DATE
> Task :react-native-localize:compileDebugLibraryResources UP-TO-DATE
> Task :react-native-localize:parseDebugLocalResources UP-TO-DATE
> Task :react-native-localize:generateDebugRFile UP-TO-DATE
> Task :react-native-maps:compileDebugLibraryResources UP-TO-DATE
> Task :react-native-maps:parseDebugLocalResources UP-TO-DATE
> Task :react-native-maps:generateDebugRFile UP-TO-DATE
> Task :react-native-menu_menu:compileDebugLibraryResources UP-TO-DATE
> Task :react-native-menu_menu:parseDebugLocalResources UP-TO-DATE
> Task :react-native-menu_menu:generateDebugRFile UP-TO-DATE
> Task :react-native-mmkv:compileDebugLibraryResources UP-TO-DATE
> Task :react-native-mmkv:parseDebugLocalResources UP-TO-DATE
> Task :react-native-mmkv:generateDebugRFile UP-TO-DATE
> Task :react-native-nitro-modules:compileDebugLibraryResources UP-TO-DATE
> Task :react-native-nitro-modules:parseDebugLocalResources UP-TO-DATE
> Task :react-native-nitro-modules:generateDebugRFile UP-TO-DATE
> Task :react-native-permissions:compileDebugLibraryResources UP-TO-DATE
> Task :react-native-permissions:parseDebugLocalResources UP-TO-DATE
> Task :react-native-permissions:generateDebugRFile UP-TO-DATE
> Task :react-native-reanimated:compileDebugLibraryResources UP-TO-DATE
> Task :react-native-reanimated:parseDebugLocalResources UP-TO-DATE
> Task :react-native-reanimated:generateDebugRFile UP-TO-DATE
> Task :react-native-safe-area-context:compileDebugLibraryResources UP-TO-DATE
> Task :react-native-safe-area-context:parseDebugLocalResources UP-TO-DATE
> Task :react-native-safe-area-context:generateDebugRFile UP-TO-DATE
> Task :react-native-screens:compileDebugLibraryResources UP-TO-DATE
> Task :react-native-screens:parseDebugLocalResources UP-TO-DATE
> Task :react-native-screens:generateDebugRFile UP-TO-DATE
> Task :react-native-svg:compileDebugLibraryResources UP-TO-DATE
> Task :react-native-svg:parseDebugLocalResources UP-TO-DATE
> Task :react-native-svg:generateDebugRFile UP-TO-DATE
> Task :react-native-webview:compileDebugLibraryResources UP-TO-DATE
> Task :react-native-webview:parseDebugLocalResources UP-TO-DATE
> Task :react-native-webview:generateDebugRFile UP-TO-DATE
> Task :react-native-worklets:compileDebugLibraryResources UP-TO-DATE
> Task :react-native-worklets:parseDebugLocalResources UP-TO-DATE
> Task :react-native-worklets:generateDebugRFile UP-TO-DATE
> Task :rn-animated-tabbar:compileDebugLibraryResources UP-TO-DATE
> Task :rn-animated-tabbar:parseDebugLocalResources UP-TO-DATE
> Task :rn-animated-tabbar:generateDebugRFile UP-TO-DATE
> Task :shiftsmartinc_react-native-zendesk-support:compileDebugLibraryResources UP-TO-DATE
> Task :shiftsmartinc_react-native-zendesk-support:parseDebugLocalResources UP-TO-DATE
> Task :shiftsmartinc_react-native-zendesk-support:generateDebugRFile UP-TO-DATE
> Task :sp-react-native-in-app-updates:compileDebugLibraryResources UP-TO-DATE
> Task :sp-react-native-in-app-updates:parseDebugLocalResources UP-TO-DATE
> Task :sp-react-native-in-app-updates:generateDebugRFile UP-TO-DATE
> Task :sumsub_react-native-mobilesdk-module:compileDebugLibraryResources UP-TO-DATE
> Task :sumsub_react-native-mobilesdk-module:parseDebugLocalResources UP-TO-DATE
> Task :sumsub_react-native-mobilesdk-module:generateDebugRFile UP-TO-DATE
> Task :app:processDebugResources UP-TO-DATE
> Task :lottie-react-native:checkKotlinGradlePluginConfigurationErrors SKIPPED
> Task :lottie-react-native:generateDebugBuildConfig UP-TO-DATE
> Task :lottie-react-native:compileDebugKotlin UP-TO-DATE
> Task :lottie-react-native:javaPreCompileDebug UP-TO-DATE
> Task :lottie-react-native:compileDebugJavaWithJavac UP-TO-DATE
> Task :lottie-react-native:bundleLibCompileToJarDebug UP-TO-DATE
> Task :notifee_react-native:generateDebugBuildConfig UP-TO-DATE
> Task :notifee_react-native:javaPreCompileDebug UP-TO-DATE
> Task :notifee_react-native:compileDebugJavaWithJavac UP-TO-DATE
> Task :notifee_react-native:bundleLibCompileToJarDebug UP-TO-DATE
> Task :react-native-android-location-enabler:checkKotlinGradlePluginConfigurationErrors SKIPPED
> Task :react-native-android-location-enabler:generateDebugBuildConfig UP-TO-DATE
> Task :react-native-android-location-enabler:compileDebugKotlin UP-TO-DATE
> Task :react-native-android-location-enabler:javaPreCompileDebug UP-TO-DATE
> Task :react-native-android-location-enabler:compileDebugJavaWithJavac UP-TO-DATE
> Task :react-native-android-location-enabler:bundleLibCompileToJarDebug UP-TO-DATE
> Task :react-native-blob-util:generateDebugBuildConfig UP-TO-DATE
> Task :react-native-blob-util:javaPreCompileDebug UP-TO-DATE
> Task :react-native-blob-util:compileDebugJavaWithJavac UP-TO-DATE
> Task :react-native-blob-util:bundleLibCompileToJarDebug UP-TO-DATE
> Task :react-native-bootsplash:checkKotlinGradlePluginConfigurationErrors SKIPPED
> Task :react-native-bootsplash:generateDebugBuildConfig UP-TO-DATE
> Task :react-native-bootsplash:compileDebugKotlin UP-TO-DATE
> Task :react-native-bootsplash:javaPreCompileDebug UP-TO-DATE
> Task :react-native-bootsplash:compileDebugJavaWithJavac UP-TO-DATE
> Task :react-native-bootsplash:bundleLibCompileToJarDebug UP-TO-DATE
> Task :react-native-clipboard_clipboard:generateDebugBuildConfig UP-TO-DATE
> Task :react-native-clipboard_clipboard:javaPreCompileDebug UP-TO-DATE
> Task :react-native-clipboard_clipboard:compileDebugJavaWithJavac UP-TO-DATE
> Task :react-native-clipboard_clipboard:bundleLibCompileToJarDebug UP-TO-DATE
> Task :react-native-community_geolocation:generateDebugBuildConfig UP-TO-DATE
> Task :react-native-community_geolocation:javaPreCompileDebug UP-TO-DATE
> Task :react-native-community_geolocation:compileDebugJavaWithJavac UP-TO-DATE
> Task :react-native-community_geolocation:bundleLibCompileToJarDebug UP-TO-DATE
> Task :react-native-community_netinfo:generateDebugBuildConfig UP-TO-DATE
> Task :react-native-community_netinfo:javaPreCompileDebug UP-TO-DATE
> Task :react-native-community_netinfo:compileDebugJavaWithJavac UP-TO-DATE
> Task :react-native-community_netinfo:bundleLibCompileToJarDebug UP-TO-DATE
> Task :react-native-date-picker:generateDebugBuildConfig UP-TO-DATE
> Task :react-native-date-picker:javaPreCompileDebug UP-TO-DATE
> Task :react-native-date-picker:compileDebugJavaWithJavac UP-TO-DATE
> Task :react-native-date-picker:bundleLibCompileToJarDebug UP-TO-DATE
> Task :react-native-device-info:generateDebugBuildConfig UP-TO-DATE
> Task :react-native-device-info:javaPreCompileDebug UP-TO-DATE
> Task :react-native-device-info:compileDebugJavaWithJavac UP-TO-DATE
> Task :react-native-device-info:bundleLibCompileToJarDebug UP-TO-DATE
> Task :react-native-documents_picker:checkKotlinGradlePluginConfigurationErrors SKIPPED
> Task :react-native-documents_picker:generateDebugBuildConfig UP-TO-DATE
> Task :react-native-documents_picker:compileDebugKotlin UP-TO-DATE
> Task :react-native-documents_picker:javaPreCompileDebug UP-TO-DATE
> Task :react-native-documents_picker:compileDebugJavaWithJavac UP-TO-DATE
> Task :react-native-documents_picker:bundleLibCompileToJarDebug UP-TO-DATE
> Task :react-native-fast-image:generateDebugBuildConfig UP-TO-DATE
> Task :react-native-fast-image:javaPreCompileDebug UP-TO-DATE
> Task :react-native-fast-image:compileDebugJavaWithJavac UP-TO-DATE
> Task :react-native-fast-image:bundleLibCompileToJarDebug UP-TO-DATE
> Task :react-native-file-viewer:generateDebugBuildConfig UP-TO-DATE
> Task :react-native-file-viewer:javaPreCompileDebug UP-TO-DATE
> Task :react-native-file-viewer:compileDebugJavaWithJavac UP-TO-DATE
> Task :react-native-file-viewer:bundleLibCompileToJarDebug UP-TO-DATE
> Task :react-native-firebase_app:generateDebugBuildConfig UP-TO-DATE
> Task :react-native-firebase_app:javaPreCompileDebug UP-TO-DATE
> Task :react-native-firebase_app:compileDebugJavaWithJavac UP-TO-DATE
> Task :react-native-firebase_app:bundleLibCompileToJarDebug UP-TO-DATE
> Task :react-native-firebase_crashlytics:generateDebugBuildConfig UP-TO-DATE
> Task :react-native-firebase_crashlytics:javaPreCompileDebug UP-TO-DATE
> Task :react-native-firebase_crashlytics:compileDebugJavaWithJavac UP-TO-DATE
> Task :react-native-firebase_crashlytics:bundleLibCompileToJarDebug UP-TO-DATE
> Task :react-native-firebase_messaging:generateDebugBuildConfig UP-TO-DATE
> Task :react-native-firebase_messaging:javaPreCompileDebug UP-TO-DATE
> Task :react-native-firebase_messaging:compileDebugJavaWithJavac UP-TO-DATE
> Task :react-native-firebase_messaging:bundleLibCompileToJarDebug UP-TO-DATE
> Task :react-native-firebase_perf:generateDebugBuildConfig UP-TO-DATE
> Task :react-native-firebase_perf:javaPreCompileDebug UP-TO-DATE
> Task :react-native-firebase_perf:compileDebugJavaWithJavac UP-TO-DATE
> Task :react-native-firebase_perf:bundleLibCompileToJarDebug UP-TO-DATE
> Task :react-native-geolocation-service:generateDebugBuildConfig UP-TO-DATE
> Task :react-native-geolocation-service:javaPreCompileDebug UP-TO-DATE
> Task :react-native-geolocation-service:compileDebugJavaWithJavac UP-TO-DATE
> Task :react-native-geolocation-service:bundleLibCompileToJarDebug UP-TO-DATE
> Task :react-native-gesture-handler:checkKotlinGradlePluginConfigurationErrors SKIPPED
> Task :react-native-gesture-handler:generateDebugBuildConfig UP-TO-DATE
> Task :react-native-reanimated:checkKotlinGradlePluginConfigurationErrors SKIPPED
> Task :react-native-reanimated:generateDebugBuildConfig UP-TO-DATE
> Task :react-native-worklets:checkKotlinGradlePluginConfigurationErrors SKIPPED
> Task :react-native-worklets:generateDebugBuildConfig UP-TO-DATE
> Task :react-native-worklets:compileDebugKotlin UP-TO-DATE
> Task :react-native-worklets:javaPreCompileDebug UP-TO-DATE
> Task :react-native-worklets:compileDebugJavaWithJavac UP-TO-DATE
> Task :react-native-worklets:bundleLibCompileToJarDebug UP-TO-DATE
> Task :react-native-reanimated:compileDebugKotlin UP-TO-DATE
> Task :react-native-reanimated:javaPreCompileDebug UP-TO-DATE
> Task :react-native-reanimated:compileDebugJavaWithJavac UP-TO-DATE
> Task :react-native-reanimated:bundleLibCompileToJarDebug UP-TO-DATE
> Task :react-native-svg:generateDebugBuildConfig UP-TO-DATE
> Task :react-native-svg:javaPreCompileDebug UP-TO-DATE
> Task :react-native-svg:compileDebugJavaWithJavac UP-TO-DATE
> Task :react-native-svg:bundleLibCompileToJarDebug UP-TO-DATE
> Task :react-native-gesture-handler:compileDebugKotlin UP-TO-DATE
> Task :react-native-gesture-handler:javaPreCompileDebug UP-TO-DATE
> Task :react-native-gesture-handler:compileDebugJavaWithJavac UP-TO-DATE
> Task :react-native-gesture-handler:bundleLibCompileToJarDebug UP-TO-DATE
> Task :react-native-image-picker:generateDebugBuildConfig UP-TO-DATE
> Task :react-native-image-picker:javaPreCompileDebug UP-TO-DATE
> Task :react-native-image-picker:compileDebugJavaWithJavac UP-TO-DATE
> Task :react-native-image-picker:bundleLibCompileToJarDebug UP-TO-DATE
> Task :react-native-linear-gradient:generateDebugBuildConfig UP-TO-DATE
> Task :react-native-linear-gradient:javaPreCompileDebug UP-TO-DATE
> Task :react-native-linear-gradient:compileDebugJavaWithJavac UP-TO-DATE
> Task :react-native-linear-gradient:bundleLibCompileToJarDebug UP-TO-DATE
> Task :react-native-localize:checkKotlinGradlePluginConfigurationErrors SKIPPED
> Task :react-native-localize:generateDebugBuildConfig UP-TO-DATE
> Task :react-native-localize:compileDebugKotlin UP-TO-DATE
> Task :react-native-localize:javaPreCompileDebug UP-TO-DATE
> Task :react-native-localize:compileDebugJavaWithJavac UP-TO-DATE
> Task :react-native-localize:bundleLibCompileToJarDebug UP-TO-DATE
> Task :react-native-maps:checkKotlinGradlePluginConfigurationErrors SKIPPED
> Task :react-native-maps:generateDebugBuildConfig UP-TO-DATE
> Task :react-native-maps:compileDebugKotlin NO-SOURCE
> Task :react-native-maps:javaPreCompileDebug UP-TO-DATE
> Task :react-native-maps:compileDebugJavaWithJavac UP-TO-DATE
> Task :react-native-maps:bundleLibCompileToJarDebug UP-TO-DATE
> Task :react-native-menu_menu:checkKotlinGradlePluginConfigurationErrors SKIPPED
> Task :react-native-menu_menu:generateDebugBuildConfig UP-TO-DATE
> Task :react-native-menu_menu:compileDebugKotlin UP-TO-DATE
> Task :react-native-menu_menu:javaPreCompileDebug UP-TO-DATE
> Task :react-native-menu_menu:compileDebugJavaWithJavac UP-TO-DATE
> Task :react-native-menu_menu:bundleLibCompileToJarDebug UP-TO-DATE
> Task :react-native-mmkv:checkKotlinGradlePluginConfigurationErrors SKIPPED
> Task :react-native-mmkv:generateDebugBuildConfig UP-TO-DATE
> Task :react-native-nitro-modules:checkKotlinGradlePluginConfigurationErrors SKIPPED
> Task :react-native-nitro-modules:generateDebugBuildConfig UP-TO-DATE
> Task :react-native-nitro-modules:compileDebugKotlin UP-TO-DATE
> Task :react-native-nitro-modules:javaPreCompileDebug UP-TO-DATE
> Task :react-native-nitro-modules:compileDebugJavaWithJavac UP-TO-DATE
> Task :react-native-nitro-modules:bundleLibCompileToJarDebug UP-TO-DATE
> Task :react-native-mmkv:compileDebugKotlin UP-TO-DATE
> Task :react-native-mmkv:javaPreCompileDebug UP-TO-DATE
> Task :react-native-mmkv:compileDebugJavaWithJavac UP-TO-DATE
> Task :react-native-mmkv:bundleLibCompileToJarDebug UP-TO-DATE
> Task :react-native-permissions:checkKotlinGradlePluginConfigurationErrors SKIPPED
> Task :react-native-permissions:generateDebugBuildConfig UP-TO-DATE
> Task :react-native-permissions:compileDebugKotlin UP-TO-DATE
> Task :react-native-permissions:javaPreCompileDebug UP-TO-DATE
> Task :react-native-permissions:compileDebugJavaWithJavac UP-TO-DATE
> Task :react-native-permissions:bundleLibCompileToJarDebug UP-TO-DATE
> Task :react-native-safe-area-context:checkKotlinGradlePluginConfigurationErrors SKIPPED
> Task :react-native-safe-area-context:generateDebugBuildConfig UP-TO-DATE
> Task :react-native-safe-area-context:compileDebugKotlin UP-TO-DATE
> Task :react-native-safe-area-context:javaPreCompileDebug UP-TO-DATE
> Task :react-native-safe-area-context:compileDebugJavaWithJavac UP-TO-DATE
> Task :react-native-safe-area-context:bundleLibCompileToJarDebug UP-TO-DATE
> Task :react-native-screens:checkKotlinGradlePluginConfigurationErrors SKIPPED
> Task :react-native-screens:generateDebugBuildConfig UP-TO-DATE
> Task :react-native-screens:compileDebugKotlin UP-TO-DATE
> Task :react-native-screens:javaPreCompileDebug UP-TO-DATE
> Task :react-native-screens:compileDebugJavaWithJavac UP-TO-DATE
> Task :react-native-screens:bundleLibCompileToJarDebug UP-TO-DATE
> Task :react-native-webview:checkKotlinGradlePluginConfigurationErrors SKIPPED
> Task :react-native-webview:generateDebugBuildConfig UP-TO-DATE
> Task :react-native-webview:compileDebugKotlin UP-TO-DATE
> Task :react-native-webview:javaPreCompileDebug UP-TO-DATE
> Task :react-native-webview:compileDebugJavaWithJavac UP-TO-DATE
> Task :react-native-webview:bundleLibCompileToJarDebug UP-TO-DATE
> Task :rn-animated-tabbar:checkKotlinGradlePluginConfigurationErrors SKIPPED
> Task :rn-animated-tabbar:generateDebugBuildConfig UP-TO-DATE
> Task :rn-animated-tabbar:compileDebugKotlin UP-TO-DATE
> Task :rn-animated-tabbar:javaPreCompileDebug UP-TO-DATE
> Task :rn-animated-tabbar:compileDebugJavaWithJavac UP-TO-DATE
> Task :rn-animated-tabbar:bundleLibCompileToJarDebug UP-TO-DATE
> Task :shiftsmartinc_react-native-zendesk-support:generateDebugBuildConfig UP-TO-DATE
> Task :shiftsmartinc_react-native-zendesk-support:javaPreCompileDebug UP-TO-DATE
> Task :shiftsmartinc_react-native-zendesk-support:compileDebugJavaWithJavac UP-TO-DATE
> Task :shiftsmartinc_react-native-zendesk-support:bundleLibCompileToJarDebug UP-TO-DATE
> Task :sp-react-native-in-app-updates:generateDebugBuildConfig UP-TO-DATE
> Task :sp-react-native-in-app-updates:javaPreCompileDebug UP-TO-DATE
> Task :sp-react-native-in-app-updates:compileDebugJavaWithJavac UP-TO-DATE
> Task :sp-react-native-in-app-updates:bundleLibCompileToJarDebug UP-TO-DATE
> Task :sumsub_react-native-mobilesdk-module:generateDebugBuildConfig UP-TO-DATE
> Task :sumsub_react-native-mobilesdk-module:javaPreCompileDebug UP-TO-DATE
> Task :sumsub_react-native-mobilesdk-module:compileDebugJavaWithJavac UP-TO-DATE
> Task :sumsub_react-native-mobilesdk-module:bundleLibCompileToJarDebug UP-TO-DATE
> Task :app:compileDebugKotlin UP-TO-DATE
> Task :app:javaPreCompileDebug UP-TO-DATE
> Task :app:compileDebugJavaWithJavac UP-TO-DATE
> Task :app:mergeDebugShaders UP-TO-DATE
> Task :app:compileDebugShaders NO-SOURCE
> Task :app:generateDebugAssets UP-TO-DATE
> Task :lottie-react-native:mergeDebugShaders UP-TO-DATE
> Task :lottie-react-native:compileDebugShaders NO-SOURCE
> Task :lottie-react-native:generateDebugAssets UP-TO-DATE
> Task :lottie-react-native:mergeDebugAssets UP-TO-DATE
> Task :notifee_react-native:mergeDebugShaders UP-TO-DATE
> Task :notifee_react-native:compileDebugShaders NO-SOURCE
> Task :notifee_react-native:generateDebugAssets UP-TO-DATE
> Task :notifee_react-native:mergeDebugAssets UP-TO-DATE
> Task :react-native-android-location-enabler:mergeDebugShaders UP-TO-DATE
> Task :react-native-android-location-enabler:compileDebugShaders NO-SOURCE
> Task :react-native-android-location-enabler:generateDebugAssets UP-TO-DATE
> Task :react-native-android-location-enabler:mergeDebugAssets UP-TO-DATE
> Task :react-native-blob-util:mergeDebugShaders UP-TO-DATE
> Task :react-native-blob-util:compileDebugShaders NO-SOURCE
> Task :react-native-blob-util:generateDebugAssets UP-TO-DATE
> Task :react-native-blob-util:mergeDebugAssets UP-TO-DATE
> Task :react-native-bootsplash:mergeDebugShaders UP-TO-DATE
> Task :react-native-bootsplash:compileDebugShaders NO-SOURCE
> Task :react-native-bootsplash:generateDebugAssets UP-TO-DATE
> Task :react-native-bootsplash:mergeDebugAssets UP-TO-DATE
> Task :react-native-clipboard_clipboard:mergeDebugShaders UP-TO-DATE
> Task :react-native-clipboard_clipboard:compileDebugShaders NO-SOURCE
> Task :react-native-clipboard_clipboard:generateDebugAssets UP-TO-DATE
> Task :react-native-clipboard_clipboard:mergeDebugAssets UP-TO-DATE
> Task :react-native-community_geolocation:mergeDebugShaders UP-TO-DATE
> Task :react-native-community_geolocation:compileDebugShaders NO-SOURCE
> Task :react-native-community_geolocation:generateDebugAssets UP-TO-DATE
> Task :react-native-community_geolocation:mergeDebugAssets UP-TO-DATE
> Task :react-native-community_netinfo:mergeDebugShaders UP-TO-DATE
> Task :react-native-community_netinfo:compileDebugShaders NO-SOURCE
> Task :react-native-community_netinfo:generateDebugAssets UP-TO-DATE
> Task :react-native-community_netinfo:mergeDebugAssets UP-TO-DATE
> Task :react-native-date-picker:mergeDebugShaders UP-TO-DATE
> Task :react-native-date-picker:compileDebugShaders NO-SOURCE
> Task :react-native-date-picker:generateDebugAssets UP-TO-DATE
> Task :react-native-date-picker:mergeDebugAssets UP-TO-DATE
> Task :react-native-device-info:mergeDebugShaders UP-TO-DATE
> Task :react-native-device-info:compileDebugShaders NO-SOURCE
> Task :react-native-device-info:generateDebugAssets UP-TO-DATE
> Task :react-native-device-info:mergeDebugAssets UP-TO-DATE
> Task :react-native-documents_picker:mergeDebugShaders UP-TO-DATE
> Task :react-native-documents_picker:compileDebugShaders NO-SOURCE
> Task :react-native-documents_picker:generateDebugAssets UP-TO-DATE
> Task :react-native-documents_picker:mergeDebugAssets UP-TO-DATE
> Task :react-native-fast-image:mergeDebugShaders UP-TO-DATE
> Task :react-native-fast-image:compileDebugShaders NO-SOURCE
> Task :react-native-fast-image:generateDebugAssets UP-TO-DATE
> Task :react-native-fast-image:mergeDebugAssets UP-TO-DATE
> Task :react-native-file-viewer:mergeDebugShaders UP-TO-DATE
> Task :react-native-file-viewer:compileDebugShaders NO-SOURCE
> Task :react-native-file-viewer:generateDebugAssets UP-TO-DATE
> Task :react-native-file-viewer:mergeDebugAssets UP-TO-DATE
> Task :react-native-firebase_app:mergeDebugShaders UP-TO-DATE
> Task :react-native-firebase_app:compileDebugShaders NO-SOURCE
> Task :react-native-firebase_app:generateDebugAssets UP-TO-DATE
> Task :react-native-firebase_app:mergeDebugAssets UP-TO-DATE
> Task :react-native-firebase_crashlytics:mergeDebugShaders UP-TO-DATE
> Task :react-native-firebase_crashlytics:compileDebugShaders NO-SOURCE
> Task :react-native-firebase_crashlytics:generateDebugAssets UP-TO-DATE
> Task :react-native-firebase_crashlytics:mergeDebugAssets UP-TO-DATE
> Task :react-native-firebase_messaging:mergeDebugShaders UP-TO-DATE
> Task :react-native-firebase_messaging:compileDebugShaders NO-SOURCE
> Task :react-native-firebase_messaging:generateDebugAssets UP-TO-DATE
> Task :react-native-firebase_messaging:mergeDebugAssets UP-TO-DATE
> Task :react-native-firebase_perf:mergeDebugShaders UP-TO-DATE
> Task :react-native-firebase_perf:compileDebugShaders NO-SOURCE
> Task :react-native-firebase_perf:generateDebugAssets UP-TO-DATE
> Task :react-native-firebase_perf:mergeDebugAssets UP-TO-DATE
> Task :react-native-geolocation-service:mergeDebugShaders UP-TO-DATE
> Task :react-native-geolocation-service:compileDebugShaders NO-SOURCE
> Task :react-native-geolocation-service:generateDebugAssets UP-TO-DATE
> Task :react-native-geolocation-service:mergeDebugAssets UP-TO-DATE
> Task :react-native-gesture-handler:mergeDebugShaders UP-TO-DATE
> Task :react-native-gesture-handler:compileDebugShaders NO-SOURCE
> Task :react-native-gesture-handler:generateDebugAssets UP-TO-DATE
> Task :react-native-gesture-handler:mergeDebugAssets UP-TO-DATE
> Task :react-native-image-picker:mergeDebugShaders UP-TO-DATE
> Task :react-native-image-picker:compileDebugShaders NO-SOURCE
> Task :react-native-image-picker:generateDebugAssets UP-TO-DATE
> Task :react-native-image-picker:mergeDebugAssets UP-TO-DATE
> Task :react-native-linear-gradient:mergeDebugShaders UP-TO-DATE
> Task :react-native-linear-gradient:compileDebugShaders NO-SOURCE
> Task :react-native-linear-gradient:generateDebugAssets UP-TO-DATE
> Task :react-native-linear-gradient:mergeDebugAssets UP-TO-DATE
> Task :react-native-localize:mergeDebugShaders UP-TO-DATE
> Task :react-native-localize:compileDebugShaders NO-SOURCE
> Task :react-native-localize:generateDebugAssets UP-TO-DATE
> Task :react-native-localize:mergeDebugAssets UP-TO-DATE
> Task :react-native-maps:mergeDebugShaders UP-TO-DATE
> Task :react-native-maps:compileDebugShaders NO-SOURCE
> Task :react-native-maps:generateDebugAssets UP-TO-DATE
> Task :react-native-maps:mergeDebugAssets UP-TO-DATE
> Task :react-native-menu_menu:mergeDebugShaders UP-TO-DATE
> Task :react-native-menu_menu:compileDebugShaders NO-SOURCE
> Task :react-native-menu_menu:generateDebugAssets UP-TO-DATE
> Task :react-native-menu_menu:mergeDebugAssets UP-TO-DATE
> Task :react-native-mmkv:mergeDebugShaders UP-TO-DATE
> Task :react-native-mmkv:compileDebugShaders NO-SOURCE
> Task :react-native-mmkv:generateDebugAssets UP-TO-DATE
> Task :react-native-mmkv:mergeDebugAssets UP-TO-DATE
> Task :react-native-nitro-modules:mergeDebugShaders UP-TO-DATE
> Task :react-native-nitro-modules:compileDebugShaders NO-SOURCE
> Task :react-native-nitro-modules:generateDebugAssets UP-TO-DATE
> Task :react-native-nitro-modules:mergeDebugAssets UP-TO-DATE
> Task :react-native-permissions:mergeDebugShaders UP-TO-DATE
> Task :react-native-permissions:compileDebugShaders NO-SOURCE
> Task :react-native-permissions:generateDebugAssets UP-TO-DATE
> Task :react-native-permissions:mergeDebugAssets UP-TO-DATE
> Task :react-native-reanimated:mergeDebugShaders UP-TO-DATE
> Task :react-native-reanimated:compileDebugShaders NO-SOURCE
> Task :react-native-reanimated:generateDebugAssets UP-TO-DATE
> Task :react-native-reanimated:mergeDebugAssets UP-TO-DATE
> Task :react-native-safe-area-context:mergeDebugShaders UP-TO-DATE
> Task :react-native-safe-area-context:compileDebugShaders NO-SOURCE
> Task :react-native-safe-area-context:generateDebugAssets UP-TO-DATE
> Task :react-native-safe-area-context:mergeDebugAssets UP-TO-DATE
> Task :react-native-screens:mergeDebugShaders UP-TO-DATE
> Task :react-native-screens:compileDebugShaders NO-SOURCE
> Task :react-native-screens:generateDebugAssets UP-TO-DATE
> Task :react-native-screens:mergeDebugAssets UP-TO-DATE
> Task :react-native-svg:mergeDebugShaders UP-TO-DATE
> Task :react-native-svg:compileDebugShaders NO-SOURCE
> Task :react-native-svg:generateDebugAssets UP-TO-DATE
> Task :react-native-svg:mergeDebugAssets UP-TO-DATE
> Task :react-native-webview:mergeDebugShaders UP-TO-DATE
> Task :react-native-webview:compileDebugShaders NO-SOURCE
> Task :react-native-webview:generateDebugAssets UP-TO-DATE
> Task :react-native-webview:mergeDebugAssets UP-TO-DATE
> Task :react-native-worklets:mergeDebugShaders UP-TO-DATE
> Task :react-native-worklets:compileDebugShaders NO-SOURCE
> Task :react-native-worklets:generateDebugAssets UP-TO-DATE
> Task :react-native-worklets:mergeDebugAssets UP-TO-DATE
> Task :rn-animated-tabbar:mergeDebugShaders UP-TO-DATE
> Task :rn-animated-tabbar:compileDebugShaders NO-SOURCE
> Task :rn-animated-tabbar:generateDebugAssets UP-TO-DATE
> Task :rn-animated-tabbar:mergeDebugAssets UP-TO-DATE
> Task :shiftsmartinc_react-native-zendesk-support:mergeDebugShaders UP-TO-DATE
> Task :shiftsmartinc_react-native-zendesk-support:compileDebugShaders NO-SOURCE
> Task :shiftsmartinc_react-native-zendesk-support:generateDebugAssets UP-TO-DATE
> Task :shiftsmartinc_react-native-zendesk-support:mergeDebugAssets UP-TO-DATE
> Task :sp-react-native-in-app-updates:mergeDebugShaders UP-TO-DATE
> Task :sp-react-native-in-app-updates:compileDebugShaders NO-SOURCE
> Task :sp-react-native-in-app-updates:generateDebugAssets UP-TO-DATE
> Task :sp-react-native-in-app-updates:mergeDebugAssets UP-TO-DATE
> Task :sumsub_react-native-mobilesdk-module:mergeDebugShaders UP-TO-DATE
> Task :sumsub_react-native-mobilesdk-module:compileDebugShaders NO-SOURCE
> Task :sumsub_react-native-mobilesdk-module:generateDebugAssets UP-TO-DATE
> Task :sumsub_react-native-mobilesdk-module:mergeDebugAssets UP-TO-DATE
> Task :app:mergeDebugAssets UP-TO-DATE
> Task :app:compressDebugAssets UP-TO-DATE
> Task :react-native-documents_picker:bundleLibRuntimeToJarDebug UP-TO-DATE
> Task :react-native-menu_menu:bundleLibRuntimeToJarDebug UP-TO-DATE
> Task :lottie-react-native:bundleLibRuntimeToJarDebug UP-TO-DATE
> Task :react-native-android-location-enabler:bundleLibRuntimeToJarDebug UP-TO-DATE
> Task :react-native-bootsplash:bundleLibRuntimeToJarDebug UP-TO-DATE
> Task :react-native-gesture-handler:bundleLibRuntimeToJarDebug UP-TO-DATE
> Task :react-native-reanimated:bundleLibRuntimeToJarDebug UP-TO-DATE
> Task :react-native-svg:bundleLibRuntimeToJarDebug UP-TO-DATE
> Task :react-native-worklets:bundleLibRuntimeToJarDebug UP-TO-DATE
> Task :react-native-localize:bundleLibRuntimeToJarDebug UP-TO-DATE
> Task :react-native-maps:bundleLibRuntimeToJarDebug UP-TO-DATE
> Task :react-native-mmkv:bundleLibRuntimeToJarDebug UP-TO-DATE
> Task :react-native-nitro-modules:bundleLibRuntimeToJarDebug UP-TO-DATE
> Task :react-native-permissions:bundleLibRuntimeToJarDebug UP-TO-DATE
> Task :react-native-safe-area-context:bundleLibRuntimeToJarDebug UP-TO-DATE
> Task :react-native-screens:bundleLibRuntimeToJarDebug UP-TO-DATE
> Task :react-native-webview:bundleLibRuntimeToJarDebug UP-TO-DATE
> Task :rn-animated-tabbar:bundleLibRuntimeToJarDebug UP-TO-DATE
> Task :notifee_react-native:bundleLibRuntimeToJarDebug UP-TO-DATE
> Task :react-native-clipboard_clipboard:bundleLibRuntimeToJarDebug UP-TO-DATE
> Task :react-native-community_geolocation:bundleLibRuntimeToJarDebug UP-TO-DATE
> Task :react-native-community_netinfo:bundleLibRuntimeToJarDebug UP-TO-DATE
> Task :react-native-firebase_crashlytics:bundleLibRuntimeToJarDebug UP-TO-DATE
> Task :react-native-firebase_app:bundleLibRuntimeToJarDebug UP-TO-DATE
> Task :react-native-firebase_messaging:bundleLibRuntimeToJarDebug UP-TO-DATE
> Task :react-native-firebase_perf:bundleLibRuntimeToJarDebug UP-TO-DATE
> Task :shiftsmartinc_react-native-zendesk-support:bundleLibRuntimeToJarDebug UP-TO-DATE
> Task :sumsub_react-native-mobilesdk-module:bundleLibRuntimeToJarDebug UP-TO-DATE
> Task :react-native-blob-util:bundleLibRuntimeToJarDebug UP-TO-DATE
> Task :react-native-date-picker:bundleLibRuntimeToJarDebug UP-TO-DATE
> Task :react-native-device-info:bundleLibRuntimeToJarDebug UP-TO-DATE
> Task :react-native-fast-image:bundleLibRuntimeToJarDebug UP-TO-DATE
> Task :react-native-file-viewer:bundleLibRuntimeToJarDebug UP-TO-DATE
> Task :react-native-geolocation-service:bundleLibRuntimeToJarDebug UP-TO-DATE
> Task :react-native-image-picker:bundleLibRuntimeToJarDebug UP-TO-DATE
> Task :react-native-linear-gradient:bundleLibRuntimeToJarDebug UP-TO-DATE
> Task :sp-react-native-in-app-updates:bundleLibRuntimeToJarDebug UP-TO-DATE
> Task :app:desugarDebugFileDependencies UP-TO-DATE
> Task :app:transformDebugClassesWithAsm UP-TO-DATE
> Task :app:dexBuilderDebug UP-TO-DATE
> Task :app:mergeDebugGlobalSynthetics UP-TO-DATE
> Task :app:processDebugJavaRes UP-TO-DATE
> Task :lottie-react-native:processDebugJavaRes UP-TO-DATE
> Task :notifee_react-native:processDebugJavaRes NO-SOURCE
> Task :react-native-android-location-enabler:processDebugJavaRes UP-TO-DATE
> Task :react-native-blob-util:processDebugJavaRes NO-SOURCE
> Task :react-native-bootsplash:processDebugJavaRes UP-TO-DATE
> Task :react-native-clipboard_clipboard:processDebugJavaRes NO-SOURCE
> Task :react-native-community_geolocation:processDebugJavaRes NO-SOURCE
> Task :react-native-community_netinfo:processDebugJavaRes NO-SOURCE
> Task :react-native-date-picker:processDebugJavaRes NO-SOURCE
> Task :react-native-device-info:processDebugJavaRes NO-SOURCE
> Task :react-native-documents_picker:processDebugJavaRes UP-TO-DATE
> Task :react-native-fast-image:processDebugJavaRes UP-TO-DATE
> Task :react-native-file-viewer:processDebugJavaRes NO-SOURCE
> Task :react-native-firebase_app:processDebugJavaRes NO-SOURCE
> Task :react-native-firebase_crashlytics:processDebugJavaRes NO-SOURCE
> Task :react-native-firebase_messaging:processDebugJavaRes NO-SOURCE
> Task :react-native-firebase_perf:processDebugJavaRes NO-SOURCE
> Task :react-native-geolocation-service:processDebugJavaRes NO-SOURCE
> Task :react-native-gesture-handler:processDebugJavaRes UP-TO-DATE
> Task :react-native-image-picker:processDebugJavaRes NO-SOURCE
> Task :react-native-linear-gradient:processDebugJavaRes NO-SOURCE
> Task :react-native-localize:processDebugJavaRes UP-TO-DATE
> Task :react-native-maps:processDebugJavaRes NO-SOURCE
> Task :react-native-menu_menu:processDebugJavaRes UP-TO-DATE
> Task :react-native-mmkv:processDebugJavaRes UP-TO-DATE
> Task :react-native-nitro-modules:processDebugJavaRes UP-TO-DATE
> Task :react-native-permissions:processDebugJavaRes UP-TO-DATE
> Task :react-native-reanimated:processDebugJavaRes UP-TO-DATE
> Task :react-native-safe-area-context:processDebugJavaRes UP-TO-DATE
> Task :react-native-screens:processDebugJavaRes UP-TO-DATE
> Task :react-native-svg:processDebugJavaRes NO-SOURCE
> Task :react-native-webview:processDebugJavaRes UP-TO-DATE
> Task :react-native-worklets:processDebugJavaRes UP-TO-DATE
> Task :rn-animated-tabbar:processDebugJavaRes UP-TO-DATE
> Task :shiftsmartinc_react-native-zendesk-support:processDebugJavaRes NO-SOURCE
> Task :sp-react-native-in-app-updates:processDebugJavaRes NO-SOURCE
> Task :sumsub_react-native-mobilesdk-module:processDebugJavaRes NO-SOURCE
> Task :app:mergeDebugJavaResource UP-TO-DATE
> Task :app:checkDebugDuplicateClasses UP-TO-DATE
> Task :app:mergeExtDexDebug UP-TO-DATE
> Task :app:mergeLibDexDebug UP-TO-DATE
> Task :app:mergeProjectDexDebug UP-TO-DATE
> Task :react-native-nitro-modules:configureCMakeDebug[arm64-v8a]
> Task :react-native-nitro-modules:buildCMakeDebug[arm64-v8a]
> Task :react-native-nitro-modules:externalNativeBuildDebug
> Task :react-native-nitro-modules:generateJsonModelDebug
> Task :react-native-nitro-modules:prefabDebugConfigurePackage
> Task :react-native-worklets:configureCMakeDebug[arm64-v8a]
> Task :react-native-worklets:buildCMakeDebug[arm64-v8a][worklets]
> Task :react-native-worklets:externalNativeBuildDebug
> Task :react-native-worklets:generateJsonModelDebug
> Task :react-native-worklets:prefabDebugConfigurePackage
> Task :react-native-reanimated:configureCMakeDebug[arm64-v8a]
> Task :react-native-reanimated:generateJsonModelDebug
> Task :react-native-reanimated:prefabDebugConfigurePackage UP-TO-DATE
> Task :app:configureCMakeDebug[arm64-v8a]
> Task :react-native-nitro-modules:prefabDebugPackage UP-TO-DATE
> Task :react-native-worklets:prefabDebugPackage UP-TO-DATE
> Task :react-native-reanimated:buildCMakeDebug[arm64-v8a][reanimated]
> Task :react-native-worklets:mergeDebugJniLibFolders UP-TO-DATE
> Task :react-native-worklets:mergeDebugNativeLibs UP-TO-DATE
> Task :react-native-worklets:copyDebugJniLibsProjectOnly UP-TO-DATE
> Task :react-native-reanimated:externalNativeBuildDebug
> Task :react-native-reanimated:prefabDebugPackage UP-TO-DATE
> Task :app:buildCMakeDebug[arm64-v8a]
> Task :app:mergeDebugJniLibFolders UP-TO-DATE
> Task :lottie-react-native:mergeDebugJniLibFolders UP-TO-DATE
> Task :lottie-react-native:mergeDebugNativeLibs NO-SOURCE
> Task :lottie-react-native:copyDebugJniLibsProjectOnly UP-TO-DATE
> Task :notifee_react-native:mergeDebugJniLibFolders UP-TO-DATE
> Task :notifee_react-native:mergeDebugNativeLibs NO-SOURCE
> Task :notifee_react-native:copyDebugJniLibsProjectOnly UP-TO-DATE
> Task :react-native-android-location-enabler:mergeDebugJniLibFolders UP-TO-DATE
> Task :react-native-android-location-enabler:mergeDebugNativeLibs NO-SOURCE
> Task :react-native-android-location-enabler:copyDebugJniLibsProjectOnly UP-TO-DATE
> Task :react-native-blob-util:mergeDebugJniLibFolders UP-TO-DATE
> Task :react-native-blob-util:mergeDebugNativeLibs NO-SOURCE
> Task :react-native-blob-util:copyDebugJniLibsProjectOnly UP-TO-DATE
> Task :react-native-bootsplash:mergeDebugJniLibFolders UP-TO-DATE
> Task :react-native-bootsplash:mergeDebugNativeLibs NO-SOURCE
> Task :react-native-bootsplash:copyDebugJniLibsProjectOnly UP-TO-DATE
> Task :react-native-clipboard_clipboard:mergeDebugJniLibFolders UP-TO-DATE
> Task :react-native-clipboard_clipboard:mergeDebugNativeLibs NO-SOURCE
> Task :react-native-clipboard_clipboard:copyDebugJniLibsProjectOnly UP-TO-DATE
> Task :react-native-community_geolocation:mergeDebugJniLibFolders UP-TO-DATE
> Task :react-native-community_geolocation:mergeDebugNativeLibs NO-SOURCE
> Task :react-native-community_geolocation:copyDebugJniLibsProjectOnly UP-TO-DATE
> Task :react-native-community_netinfo:mergeDebugJniLibFolders UP-TO-DATE
> Task :react-native-community_netinfo:mergeDebugNativeLibs NO-SOURCE
> Task :react-native-community_netinfo:copyDebugJniLibsProjectOnly UP-TO-DATE
> Task :react-native-date-picker:mergeDebugJniLibFolders UP-TO-DATE
> Task :react-native-date-picker:mergeDebugNativeLibs NO-SOURCE
> Task :react-native-date-picker:copyDebugJniLibsProjectOnly UP-TO-DATE
> Task :react-native-device-info:mergeDebugJniLibFolders UP-TO-DATE
> Task :react-native-device-info:mergeDebugNativeLibs NO-SOURCE
> Task :react-native-device-info:copyDebugJniLibsProjectOnly UP-TO-DATE
> Task :react-native-documents_picker:mergeDebugJniLibFolders UP-TO-DATE
> Task :react-native-documents_picker:mergeDebugNativeLibs NO-SOURCE
> Task :react-native-documents_picker:copyDebugJniLibsProjectOnly UP-TO-DATE
> Task :react-native-fast-image:mergeDebugJniLibFolders UP-TO-DATE
> Task :react-native-fast-image:mergeDebugNativeLibs NO-SOURCE
> Task :react-native-fast-image:copyDebugJniLibsProjectOnly UP-TO-DATE
> Task :react-native-file-viewer:mergeDebugJniLibFolders UP-TO-DATE
> Task :react-native-file-viewer:mergeDebugNativeLibs NO-SOURCE
> Task :react-native-file-viewer:copyDebugJniLibsProjectOnly UP-TO-DATE
> Task :react-native-firebase_app:mergeDebugJniLibFolders UP-TO-DATE
> Task :react-native-firebase_app:mergeDebugNativeLibs NO-SOURCE
> Task :react-native-firebase_app:copyDebugJniLibsProjectOnly UP-TO-DATE
> Task :react-native-firebase_crashlytics:mergeDebugJniLibFolders UP-TO-DATE
> Task :react-native-firebase_crashlytics:mergeDebugNativeLibs NO-SOURCE
> Task :react-native-firebase_crashlytics:copyDebugJniLibsProjectOnly UP-TO-DATE
> Task :react-native-firebase_messaging:mergeDebugJniLibFolders UP-TO-DATE
> Task :react-native-firebase_messaging:mergeDebugNativeLibs NO-SOURCE
> Task :react-native-firebase_messaging:copyDebugJniLibsProjectOnly UP-TO-DATE
> Task :react-native-firebase_perf:mergeDebugJniLibFolders UP-TO-DATE
> Task :react-native-firebase_perf:mergeDebugNativeLibs NO-SOURCE
> Task :react-native-firebase_perf:copyDebugJniLibsProjectOnly UP-TO-DATE
> Task :react-native-geolocation-service:mergeDebugJniLibFolders UP-TO-DATE
> Task :react-native-geolocation-service:mergeDebugNativeLibs NO-SOURCE
> Task :react-native-geolocation-service:copyDebugJniLibsProjectOnly UP-TO-DATE
> Task :react-native-gesture-handler:configureCMakeDebug[arm64-v8a]
> Task :react-native-gesture-handler:buildCMakeDebug[arm64-v8a]
> Task :react-native-gesture-handler:mergeDebugJniLibFolders UP-TO-DATE
> Task :react-native-gesture-handler:mergeDebugNativeLibs UP-TO-DATE
> Task :react-native-gesture-handler:copyDebugJniLibsProjectOnly UP-TO-DATE
> Task :react-native-image-picker:mergeDebugJniLibFolders UP-TO-DATE
> Task :react-native-image-picker:mergeDebugNativeLibs NO-SOURCE
> Task :react-native-image-picker:copyDebugJniLibsProjectOnly UP-TO-DATE
> Task :react-native-linear-gradient:mergeDebugJniLibFolders UP-TO-DATE
> Task :react-native-linear-gradient:mergeDebugNativeLibs NO-SOURCE
> Task :react-native-linear-gradient:copyDebugJniLibsProjectOnly UP-TO-DATE
> Task :react-native-localize:mergeDebugJniLibFolders UP-TO-DATE
> Task :react-native-localize:mergeDebugNativeLibs NO-SOURCE
> Task :react-native-localize:copyDebugJniLibsProjectOnly UP-TO-DATE
> Task :react-native-maps:mergeDebugJniLibFolders UP-TO-DATE
> Task :react-native-maps:mergeDebugNativeLibs NO-SOURCE
> Task :react-native-maps:copyDebugJniLibsProjectOnly UP-TO-DATE
> Task :react-native-menu_menu:mergeDebugJniLibFolders UP-TO-DATE
> Task :react-native-menu_menu:mergeDebugNativeLibs NO-SOURCE
> Task :react-native-menu_menu:copyDebugJniLibsProjectOnly UP-TO-DATE
> Task :react-native-mmkv:configureCMakeDebug[arm64-v8a]
> Task :react-native-mmkv:buildCMakeDebug[arm64-v8a]
> Task :react-native-mmkv:mergeDebugJniLibFolders UP-TO-DATE
> Task :react-native-mmkv:mergeDebugNativeLibs UP-TO-DATE
> Task :react-native-mmkv:copyDebugJniLibsProjectOnly UP-TO-DATE
> Task :react-native-nitro-modules:mergeDebugJniLibFolders UP-TO-DATE
> Task :react-native-nitro-modules:mergeDebugNativeLibs UP-TO-DATE
> Task :react-native-nitro-modules:copyDebugJniLibsProjectOnly UP-TO-DATE
> Task :react-native-permissions:mergeDebugJniLibFolders UP-TO-DATE
> Task :react-native-permissions:mergeDebugNativeLibs NO-SOURCE
> Task :react-native-permissions:copyDebugJniLibsProjectOnly UP-TO-DATE
> Task :react-native-reanimated:mergeDebugJniLibFolders UP-TO-DATE
> Task :react-native-reanimated:mergeDebugNativeLibs UP-TO-DATE
> Task :react-native-reanimated:copyDebugJniLibsProjectOnly UP-TO-DATE
> Task :react-native-safe-area-context:mergeDebugJniLibFolders UP-TO-DATE
> Task :react-native-safe-area-context:mergeDebugNativeLibs NO-SOURCE
> Task :react-native-safe-area-context:copyDebugJniLibsProjectOnly UP-TO-DATE
> Task :react-native-screens:configureCMakeDebug[arm64-v8a]
> Task :react-native-screens:buildCMakeDebug[arm64-v8a]
> Task :react-native-screens:mergeDebugJniLibFolders UP-TO-DATE
> Task :react-native-screens:mergeDebugNativeLibs UP-TO-DATE
> Task :react-native-screens:copyDebugJniLibsProjectOnly UP-TO-DATE
> Task :react-native-svg:mergeDebugJniLibFolders UP-TO-DATE
> Task :react-native-svg:mergeDebugNativeLibs NO-SOURCE
> Task :react-native-svg:copyDebugJniLibsProjectOnly UP-TO-DATE
> Task :react-native-webview:mergeDebugJniLibFolders UP-TO-DATE
> Task :react-native-webview:mergeDebugNativeLibs NO-SOURCE
> Task :react-native-webview:copyDebugJniLibsProjectOnly UP-TO-DATE
> Task :rn-animated-tabbar:mergeDebugJniLibFolders UP-TO-DATE
> Task :rn-animated-tabbar:mergeDebugNativeLibs NO-SOURCE
> Task :rn-animated-tabbar:copyDebugJniLibsProjectOnly UP-TO-DATE
> Task :shiftsmartinc_react-native-zendesk-support:mergeDebugJniLibFolders UP-TO-DATE
> Task :shiftsmartinc_react-native-zendesk-support:mergeDebugNativeLibs NO-SOURCE
> Task :shiftsmartinc_react-native-zendesk-support:copyDebugJniLibsProjectOnly UP-TO-DATE
> Task :sp-react-native-in-app-updates:mergeDebugJniLibFolders UP-TO-DATE
> Task :sp-react-native-in-app-updates:mergeDebugNativeLibs NO-SOURCE
> Task :sp-react-native-in-app-updates:copyDebugJniLibsProjectOnly UP-TO-DATE
> Task :sumsub_react-native-mobilesdk-module:mergeDebugJniLibFolders UP-TO-DATE
> Task :sumsub_react-native-mobilesdk-module:mergeDebugNativeLibs NO-SOURCE
> Task :sumsub_react-native-mobilesdk-module:copyDebugJniLibsProjectOnly UP-TO-DATE
> Task :app:mergeDebugNativeLibs UP-TO-DATE
> Task :app:stripDebugDebugSymbols UP-TO-DATE
> Task :app:validateSigningDebug UP-TO-DATE
> Task :app:writeDebugAppMetadata UP-TO-DATE
> Task :app:writeDebugSigningConfigVersions UP-TO-DATE
> Task :app:packageDebug UP-TO-DATE
> Task :app:createDebugApkListingFileRedirect UP-TO-DATE
> Task :app:assembleDebug UP-TO-DATE
> Task :lottie-react-native:stripDebugDebugSymbols NO-SOURCE
> Task :lottie-react-native:copyDebugJniLibsProjectAndLocalJars UP-TO-DATE
> Task :lottie-react-native:extractDebugAnnotations UP-TO-DATE
> Task :lottie-react-native:extractDeepLinksForAarDebug UP-TO-DATE
> Task :lottie-react-native:mergeDebugGeneratedProguardFiles UP-TO-DATE
> Task :lottie-react-native:mergeDebugConsumerProguardFiles UP-TO-DATE
> Task :lottie-react-native:prepareDebugArtProfile UP-TO-DATE
> Task :lottie-react-native:prepareLintJarForPublish UP-TO-DATE
> Task :lottie-react-native:mergeDebugJavaResource UP-TO-DATE
> Task :lottie-react-native:syncDebugLibJars UP-TO-DATE
> Task :lottie-react-native:bundleDebugAar UP-TO-DATE
> Task :lottie-react-native:assembleDebug UP-TO-DATE
> Task :notifee_react-native:stripDebugDebugSymbols NO-SOURCE
> Task :notifee_react-native:copyDebugJniLibsProjectAndLocalJars UP-TO-DATE
> Task :notifee_react-native:extractDebugAnnotations UP-TO-DATE
> Task :notifee_react-native:extractDeepLinksForAarDebug UP-TO-DATE
> Task :notifee_react-native:mergeDebugGeneratedProguardFiles UP-TO-DATE
> Task :notifee_react-native:mergeDebugConsumerProguardFiles UP-TO-DATE
> Task :notifee_react-native:prepareDebugArtProfile UP-TO-DATE
> Task :notifee_react-native:prepareLintJarForPublish UP-TO-DATE
> Task :notifee_react-native:mergeDebugJavaResource UP-TO-DATE
> Task :notifee_react-native:syncDebugLibJars UP-TO-DATE
> Task :notifee_react-native:bundleDebugAar UP-TO-DATE
> Task :notifee_react-native:assembleDebug UP-TO-DATE
> Task :react-native-android-location-enabler:stripDebugDebugSymbols NO-SOURCE
> Task :react-native-android-location-enabler:copyDebugJniLibsProjectAndLocalJars UP-TO-DATE
> Task :react-native-android-location-enabler:extractDebugAnnotations UP-TO-DATE
> Task :react-native-android-location-enabler:extractDeepLinksForAarDebug UP-TO-DATE
> Task :react-native-android-location-enabler:mergeDebugGeneratedProguardFiles UP-TO-DATE
> Task :react-native-android-location-enabler:mergeDebugConsumerProguardFiles UP-TO-DATE
> Task :react-native-android-location-enabler:prepareDebugArtProfile UP-TO-DATE
> Task :react-native-android-location-enabler:prepareLintJarForPublish UP-TO-DATE
> Task :react-native-android-location-enabler:mergeDebugJavaResource UP-TO-DATE
> Task :react-native-android-location-enabler:syncDebugLibJars UP-TO-DATE
> Task :react-native-android-location-enabler:bundleDebugAar UP-TO-DATE
> Task :react-native-android-location-enabler:assembleDebug UP-TO-DATE
> Task :react-native-blob-util:stripDebugDebugSymbols NO-SOURCE
> Task :react-native-blob-util:copyDebugJniLibsProjectAndLocalJars UP-TO-DATE
> Task :react-native-blob-util:extractDebugAnnotations UP-TO-DATE
> Task :react-native-blob-util:extractDeepLinksForAarDebug UP-TO-DATE
> Task :react-native-blob-util:mergeDebugGeneratedProguardFiles UP-TO-DATE
> Task :react-native-blob-util:mergeDebugConsumerProguardFiles UP-TO-DATE
> Task :react-native-blob-util:prepareDebugArtProfile UP-TO-DATE
> Task :react-native-blob-util:prepareLintJarForPublish UP-TO-DATE
> Task :react-native-blob-util:mergeDebugJavaResource UP-TO-DATE
> Task :react-native-blob-util:syncDebugLibJars UP-TO-DATE
> Task :react-native-blob-util:bundleDebugAar UP-TO-DATE
> Task :react-native-blob-util:assembleDebug UP-TO-DATE
> Task :react-native-bootsplash:stripDebugDebugSymbols NO-SOURCE
> Task :react-native-bootsplash:copyDebugJniLibsProjectAndLocalJars UP-TO-DATE
> Task :react-native-bootsplash:extractDebugAnnotations UP-TO-DATE
> Task :react-native-bootsplash:extractDeepLinksForAarDebug UP-TO-DATE
> Task :react-native-bootsplash:mergeDebugGeneratedProguardFiles UP-TO-DATE
> Task :react-native-bootsplash:mergeDebugConsumerProguardFiles UP-TO-DATE
> Task :react-native-bootsplash:prepareDebugArtProfile UP-TO-DATE
> Task :react-native-bootsplash:prepareLintJarForPublish UP-TO-DATE
> Task :react-native-bootsplash:mergeDebugJavaResource UP-TO-DATE
> Task :react-native-bootsplash:syncDebugLibJars UP-TO-DATE
> Task :react-native-bootsplash:bundleDebugAar UP-TO-DATE
> Task :react-native-bootsplash:assembleDebug UP-TO-DATE
> Task :react-native-clipboard_clipboard:stripDebugDebugSymbols NO-SOURCE
> Task :react-native-clipboard_clipboard:copyDebugJniLibsProjectAndLocalJars UP-TO-DATE
> Task :react-native-clipboard_clipboard:extractDebugAnnotations UP-TO-DATE
> Task :react-native-clipboard_clipboard:extractDeepLinksForAarDebug UP-TO-DATE
> Task :react-native-clipboard_clipboard:mergeDebugGeneratedProguardFiles UP-TO-DATE
> Task :react-native-clipboard_clipboard:mergeDebugConsumerProguardFiles UP-TO-DATE
> Task :react-native-clipboard_clipboard:prepareDebugArtProfile UP-TO-DATE
> Task :react-native-clipboard_clipboard:prepareLintJarForPublish UP-TO-DATE
> Task :react-native-clipboard_clipboard:mergeDebugJavaResource UP-TO-DATE
> Task :react-native-clipboard_clipboard:syncDebugLibJars UP-TO-DATE
> Task :react-native-clipboard_clipboard:bundleDebugAar UP-TO-DATE
> Task :react-native-clipboard_clipboard:assembleDebug UP-TO-DATE
> Task :react-native-community_geolocation:stripDebugDebugSymbols NO-SOURCE
> Task :react-native-community_geolocation:copyDebugJniLibsProjectAndLocalJars UP-TO-DATE
> Task :react-native-community_geolocation:extractDebugAnnotations UP-TO-DATE
> Task :react-native-community_geolocation:extractDeepLinksForAarDebug UP-TO-DATE
> Task :react-native-community_geolocation:mergeDebugGeneratedProguardFiles UP-TO-DATE
> Task :react-native-community_geolocation:mergeDebugConsumerProguardFiles UP-TO-DATE
> Task :react-native-community_geolocation:prepareDebugArtProfile UP-TO-DATE
> Task :react-native-community_geolocation:prepareLintJarForPublish UP-TO-DATE
> Task :react-native-community_geolocation:mergeDebugJavaResource UP-TO-DATE
> Task :react-native-community_geolocation:syncDebugLibJars UP-TO-DATE
> Task :react-native-community_geolocation:bundleDebugAar UP-TO-DATE
> Task :react-native-community_geolocation:assembleDebug UP-TO-DATE
> Task :react-native-community_netinfo:stripDebugDebugSymbols NO-SOURCE
> Task :react-native-community_netinfo:copyDebugJniLibsProjectAndLocalJars UP-TO-DATE
> Task :react-native-community_netinfo:extractDebugAnnotations UP-TO-DATE
> Task :react-native-community_netinfo:extractDeepLinksForAarDebug UP-TO-DATE
> Task :react-native-community_netinfo:mergeDebugGeneratedProguardFiles UP-TO-DATE
> Task :react-native-community_netinfo:mergeDebugConsumerProguardFiles UP-TO-DATE
> Task :react-native-community_netinfo:prepareDebugArtProfile UP-TO-DATE
> Task :react-native-community_netinfo:prepareLintJarForPublish UP-TO-DATE
> Task :react-native-community_netinfo:mergeDebugJavaResource UP-TO-DATE
> Task :react-native-community_netinfo:syncDebugLibJars UP-TO-DATE
> Task :react-native-community_netinfo:bundleDebugAar UP-TO-DATE
> Task :react-native-community_netinfo:assembleDebug UP-TO-DATE
> Task :react-native-date-picker:stripDebugDebugSymbols NO-SOURCE
> Task :react-native-date-picker:copyDebugJniLibsProjectAndLocalJars UP-TO-DATE
> Task :react-native-date-picker:extractDebugAnnotations UP-TO-DATE
> Task :react-native-date-picker:extractDeepLinksForAarDebug UP-TO-DATE
> Task :react-native-date-picker:mergeDebugGeneratedProguardFiles UP-TO-DATE
> Task :react-native-date-picker:mergeDebugConsumerProguardFiles UP-TO-DATE
> Task :react-native-date-picker:prepareDebugArtProfile UP-TO-DATE
> Task :react-native-date-picker:prepareLintJarForPublish UP-TO-DATE
> Task :react-native-date-picker:mergeDebugJavaResource UP-TO-DATE
> Task :react-native-date-picker:syncDebugLibJars UP-TO-DATE
> Task :react-native-date-picker:bundleDebugAar UP-TO-DATE
> Task :react-native-date-picker:assembleDebug UP-TO-DATE
> Task :react-native-device-info:stripDebugDebugSymbols NO-SOURCE
> Task :react-native-device-info:copyDebugJniLibsProjectAndLocalJars UP-TO-DATE
> Task :react-native-device-info:extractDebugAnnotations UP-TO-DATE
> Task :react-native-device-info:extractDeepLinksForAarDebug UP-TO-DATE
> Task :react-native-device-info:mergeDebugGeneratedProguardFiles UP-TO-DATE
> Task :react-native-device-info:mergeDebugConsumerProguardFiles UP-TO-DATE
> Task :react-native-device-info:prepareDebugArtProfile UP-TO-DATE
> Task :react-native-device-info:prepareLintJarForPublish UP-TO-DATE
> Task :react-native-device-info:mergeDebugJavaResource UP-TO-DATE
> Task :react-native-device-info:syncDebugLibJars UP-TO-DATE
> Task :react-native-device-info:bundleDebugAar UP-TO-DATE
> Task :react-native-device-info:assembleDebug UP-TO-DATE
> Task :react-native-documents_picker:stripDebugDebugSymbols NO-SOURCE
> Task :react-native-documents_picker:copyDebugJniLibsProjectAndLocalJars UP-TO-DATE
> Task :react-native-documents_picker:extractDebugAnnotations UP-TO-DATE
> Task :react-native-documents_picker:extractDeepLinksForAarDebug UP-TO-DATE
> Task :react-native-documents_picker:mergeDebugGeneratedProguardFiles UP-TO-DATE
> Task :react-native-documents_picker:mergeDebugConsumerProguardFiles UP-TO-DATE
> Task :react-native-documents_picker:prepareDebugArtProfile UP-TO-DATE
> Task :react-native-documents_picker:prepareLintJarForPublish UP-TO-DATE
> Task :react-native-documents_picker:mergeDebugJavaResource UP-TO-DATE
> Task :react-native-documents_picker:syncDebugLibJars UP-TO-DATE
> Task :react-native-documents_picker:bundleDebugAar UP-TO-DATE
> Task :react-native-documents_picker:assembleDebug UP-TO-DATE
> Task :react-native-fast-image:stripDebugDebugSymbols NO-SOURCE
> Task :react-native-fast-image:copyDebugJniLibsProjectAndLocalJars UP-TO-DATE
> Task :react-native-fast-image:extractDebugAnnotations UP-TO-DATE
> Task :react-native-fast-image:extractDeepLinksForAarDebug UP-TO-DATE
> Task :react-native-fast-image:mergeDebugGeneratedProguardFiles UP-TO-DATE
> Task :react-native-fast-image:mergeDebugConsumerProguardFiles UP-TO-DATE
> Task :react-native-fast-image:prepareDebugArtProfile UP-TO-DATE
> Task :react-native-fast-image:prepareLintJarForPublish UP-TO-DATE
> Task :react-native-fast-image:mergeDebugJavaResource UP-TO-DATE
> Task :react-native-fast-image:syncDebugLibJars UP-TO-DATE
> Task :react-native-fast-image:bundleDebugAar UP-TO-DATE
> Task :react-native-fast-image:assembleDebug UP-TO-DATE
> Task :react-native-file-viewer:stripDebugDebugSymbols NO-SOURCE
> Task :react-native-file-viewer:copyDebugJniLibsProjectAndLocalJars UP-TO-DATE
> Task :react-native-file-viewer:extractDebugAnnotations UP-TO-DATE
> Task :react-native-file-viewer:extractDeepLinksForAarDebug UP-TO-DATE
> Task :react-native-file-viewer:mergeDebugGeneratedProguardFiles UP-TO-DATE
> Task :react-native-file-viewer:mergeDebugConsumerProguardFiles UP-TO-DATE
> Task :react-native-file-viewer:prepareDebugArtProfile UP-TO-DATE
> Task :react-native-file-viewer:prepareLintJarForPublish UP-TO-DATE
> Task :react-native-file-viewer:mergeDebugJavaResource UP-TO-DATE
> Task :react-native-file-viewer:syncDebugLibJars UP-TO-DATE
> Task :react-native-file-viewer:bundleDebugAar UP-TO-DATE
> Task :react-native-file-viewer:assembleDebug UP-TO-DATE
> Task :react-native-firebase_app:stripDebugDebugSymbols NO-SOURCE
> Task :react-native-firebase_app:copyDebugJniLibsProjectAndLocalJars UP-TO-DATE
> Task :react-native-firebase_app:extractDebugAnnotations UP-TO-DATE
> Task :react-native-firebase_app:extractDeepLinksForAarDebug UP-TO-DATE
> Task :react-native-firebase_app:mergeDebugGeneratedProguardFiles UP-TO-DATE
> Task :react-native-firebase_app:mergeDebugConsumerProguardFiles UP-TO-DATE
> Task :react-native-firebase_app:prepareDebugArtProfile UP-TO-DATE
> Task :react-native-firebase_app:prepareLintJarForPublish UP-TO-DATE
> Task :react-native-firebase_app:mergeDebugJavaResource UP-TO-DATE
> Task :react-native-firebase_app:syncDebugLibJars UP-TO-DATE
> Task :react-native-firebase_app:bundleDebugAar UP-TO-DATE
> Task :react-native-firebase_app:assembleDebug UP-TO-DATE
> Task :react-native-firebase_crashlytics:stripDebugDebugSymbols NO-SOURCE
> Task :react-native-firebase_crashlytics:copyDebugJniLibsProjectAndLocalJars UP-TO-DATE
> Task :react-native-firebase_crashlytics:extractDebugAnnotations UP-TO-DATE
> Task :react-native-firebase_crashlytics:extractDeepLinksForAarDebug UP-TO-DATE
> Task :react-native-firebase_crashlytics:mergeDebugGeneratedProguardFiles UP-TO-DATE
> Task :react-native-firebase_crashlytics:mergeDebugConsumerProguardFiles UP-TO-DATE
> Task :react-native-firebase_crashlytics:prepareDebugArtProfile UP-TO-DATE
> Task :react-native-firebase_crashlytics:prepareLintJarForPublish UP-TO-DATE
> Task :react-native-firebase_crashlytics:mergeDebugJavaResource UP-TO-DATE
> Task :react-native-firebase_crashlytics:syncDebugLibJars UP-TO-DATE
> Task :react-native-firebase_crashlytics:bundleDebugAar UP-TO-DATE
> Task :react-native-firebase_crashlytics:assembleDebug UP-TO-DATE
> Task :react-native-firebase_messaging:stripDebugDebugSymbols NO-SOURCE
> Task :react-native-firebase_messaging:copyDebugJniLibsProjectAndLocalJars UP-TO-DATE
> Task :react-native-firebase_messaging:extractDebugAnnotations UP-TO-DATE
> Task :react-native-firebase_messaging:extractDeepLinksForAarDebug UP-TO-DATE
> Task :react-native-firebase_messaging:mergeDebugGeneratedProguardFiles UP-TO-DATE
> Task :react-native-firebase_messaging:mergeDebugConsumerProguardFiles UP-TO-DATE
> Task :react-native-firebase_messaging:prepareDebugArtProfile UP-TO-DATE
> Task :react-native-firebase_messaging:prepareLintJarForPublish UP-TO-DATE
> Task :react-native-firebase_messaging:mergeDebugJavaResource UP-TO-DATE
> Task :react-native-firebase_messaging:syncDebugLibJars UP-TO-DATE
> Task :react-native-firebase_messaging:bundleDebugAar UP-TO-DATE
> Task :react-native-firebase_messaging:assembleDebug UP-TO-DATE
> Task :react-native-firebase_perf:stripDebugDebugSymbols NO-SOURCE
> Task :react-native-firebase_perf:copyDebugJniLibsProjectAndLocalJars UP-TO-DATE
> Task :react-native-firebase_perf:extractDebugAnnotations UP-TO-DATE
> Task :react-native-firebase_perf:extractDeepLinksForAarDebug UP-TO-DATE
> Task :react-native-firebase_perf:mergeDebugGeneratedProguardFiles UP-TO-DATE
> Task :react-native-firebase_perf:mergeDebugConsumerProguardFiles UP-TO-DATE
> Task :react-native-firebase_perf:prepareDebugArtProfile UP-TO-DATE
> Task :react-native-firebase_perf:prepareLintJarForPublish UP-TO-DATE
> Task :react-native-firebase_perf:mergeDebugJavaResource UP-TO-DATE
> Task :react-native-firebase_perf:syncDebugLibJars UP-TO-DATE
> Task :react-native-firebase_perf:bundleDebugAar UP-TO-DATE
> Task :react-native-firebase_perf:assembleDebug UP-TO-DATE
> Task :react-native-geolocation-service:stripDebugDebugSymbols NO-SOURCE
> Task :react-native-geolocation-service:copyDebugJniLibsProjectAndLocalJars UP-TO-DATE
> Task :react-native-geolocation-service:extractDebugAnnotations UP-TO-DATE
> Task :react-native-geolocation-service:extractDeepLinksForAarDebug UP-TO-DATE
> Task :react-native-geolocation-service:mergeDebugGeneratedProguardFiles UP-TO-DATE
> Task :react-native-geolocation-service:mergeDebugConsumerProguardFiles UP-TO-DATE
> Task :react-native-geolocation-service:prepareDebugArtProfile UP-TO-DATE
> Task :react-native-geolocation-service:prepareLintJarForPublish UP-TO-DATE
> Task :react-native-geolocation-service:mergeDebugJavaResource UP-TO-DATE
> Task :react-native-geolocation-service:syncDebugLibJars UP-TO-DATE
> Task :react-native-geolocation-service:bundleDebugAar UP-TO-DATE
> Task :react-native-geolocation-service:assembleDebug UP-TO-DATE
> Task :react-native-gesture-handler:stripDebugDebugSymbols UP-TO-DATE
> Task :react-native-gesture-handler:copyDebugJniLibsProjectAndLocalJars UP-TO-DATE
> Task :react-native-gesture-handler:extractDebugAnnotations UP-TO-DATE
> Task :react-native-gesture-handler:extractDeepLinksForAarDebug UP-TO-DATE
> Task :react-native-gesture-handler:mergeDebugGeneratedProguardFiles UP-TO-DATE
> Task :react-native-gesture-handler:mergeDebugConsumerProguardFiles UP-TO-DATE
> Task :react-native-gesture-handler:prepareDebugArtProfile UP-TO-DATE
> Task :react-native-gesture-handler:prepareLintJarForPublish UP-TO-DATE
> Task :react-native-gesture-handler:mergeDebugJavaResource UP-TO-DATE
> Task :react-native-gesture-handler:syncDebugLibJars UP-TO-DATE
> Task :react-native-gesture-handler:bundleDebugAar UP-TO-DATE
> Task :react-native-gesture-handler:assembleDebug UP-TO-DATE
> Task :react-native-image-picker:stripDebugDebugSymbols NO-SOURCE
> Task :react-native-image-picker:copyDebugJniLibsProjectAndLocalJars UP-TO-DATE
> Task :react-native-image-picker:extractDebugAnnotations UP-TO-DATE
> Task :react-native-image-picker:extractDeepLinksForAarDebug UP-TO-DATE
> Task :react-native-image-picker:mergeDebugGeneratedProguardFiles UP-TO-DATE
> Task :react-native-image-picker:mergeDebugConsumerProguardFiles UP-TO-DATE
> Task :react-native-image-picker:prepareDebugArtProfile UP-TO-DATE
> Task :react-native-image-picker:prepareLintJarForPublish UP-TO-DATE
> Task :react-native-image-picker:mergeDebugJavaResource UP-TO-DATE
> Task :react-native-image-picker:syncDebugLibJars UP-TO-DATE
> Task :react-native-image-picker:bundleDebugAar UP-TO-DATE
> Task :react-native-image-picker:assembleDebug UP-TO-DATE
> Task :react-native-linear-gradient:stripDebugDebugSymbols NO-SOURCE
> Task :react-native-linear-gradient:copyDebugJniLibsProjectAndLocalJars UP-TO-DATE
> Task :react-native-linear-gradient:extractDebugAnnotations UP-TO-DATE
> Task :react-native-linear-gradient:extractDeepLinksForAarDebug UP-TO-DATE
> Task :react-native-linear-gradient:mergeDebugGeneratedProguardFiles UP-TO-DATE
> Task :react-native-linear-gradient:mergeDebugConsumerProguardFiles UP-TO-DATE
> Task :react-native-linear-gradient:prepareDebugArtProfile UP-TO-DATE
> Task :react-native-linear-gradient:prepareLintJarForPublish UP-TO-DATE
> Task :react-native-linear-gradient:mergeDebugJavaResource UP-TO-DATE
> Task :react-native-linear-gradient:syncDebugLibJars UP-TO-DATE
> Task :react-native-linear-gradient:bundleDebugAar UP-TO-DATE
> Task :react-native-linear-gradient:assembleDebug UP-TO-DATE
> Task :react-native-localize:stripDebugDebugSymbols NO-SOURCE
> Task :react-native-localize:copyDebugJniLibsProjectAndLocalJars UP-TO-DATE
> Task :react-native-localize:extractDebugAnnotations UP-TO-DATE
> Task :react-native-localize:extractDeepLinksForAarDebug UP-TO-DATE
> Task :react-native-localize:mergeDebugGeneratedProguardFiles UP-TO-DATE
> Task :react-native-localize:mergeDebugConsumerProguardFiles UP-TO-DATE
> Task :react-native-localize:prepareDebugArtProfile UP-TO-DATE
> Task :react-native-localize:prepareLintJarForPublish UP-TO-DATE
> Task :react-native-localize:mergeDebugJavaResource UP-TO-DATE
> Task :react-native-localize:syncDebugLibJars UP-TO-DATE
> Task :react-native-localize:bundleDebugAar UP-TO-DATE
> Task :react-native-localize:assembleDebug UP-TO-DATE
> Task :react-native-maps:stripDebugDebugSymbols NO-SOURCE
> Task :react-native-maps:copyDebugJniLibsProjectAndLocalJars UP-TO-DATE
> Task :react-native-maps:extractDebugAnnotations UP-TO-DATE
> Task :react-native-maps:extractDeepLinksForAarDebug UP-TO-DATE
> Task :react-native-maps:mergeDebugGeneratedProguardFiles UP-TO-DATE
> Task :react-native-maps:mergeDebugConsumerProguardFiles UP-TO-DATE
> Task :react-native-maps:prepareDebugArtProfile UP-TO-DATE
> Task :react-native-maps:prepareLintJarForPublish UP-TO-DATE
> Task :react-native-maps:mergeDebugJavaResource UP-TO-DATE
> Task :react-native-maps:syncDebugLibJars UP-TO-DATE
> Task :react-native-maps:bundleDebugAar UP-TO-DATE
> Task :react-native-maps:assembleDebug UP-TO-DATE
> Task :react-native-menu_menu:stripDebugDebugSymbols NO-SOURCE
> Task :react-native-menu_menu:copyDebugJniLibsProjectAndLocalJars UP-TO-DATE
> Task :react-native-menu_menu:extractDebugAnnotations UP-TO-DATE
> Task :react-native-menu_menu:extractDeepLinksForAarDebug UP-TO-DATE
> Task :react-native-menu_menu:mergeDebugGeneratedProguardFiles UP-TO-DATE
> Task :react-native-menu_menu:mergeDebugConsumerProguardFiles UP-TO-DATE
> Task :react-native-menu_menu:prepareDebugArtProfile UP-TO-DATE
> Task :react-native-menu_menu:prepareLintJarForPublish UP-TO-DATE
> Task :react-native-menu_menu:mergeDebugJavaResource UP-TO-DATE
> Task :react-native-menu_menu:syncDebugLibJars UP-TO-DATE
> Task :react-native-menu_menu:bundleDebugAar UP-TO-DATE
> Task :react-native-menu_menu:assembleDebug UP-TO-DATE
> Task :react-native-mmkv:stripDebugDebugSymbols UP-TO-DATE
> Task :react-native-mmkv:copyDebugJniLibsProjectAndLocalJars UP-TO-DATE
> Task :react-native-mmkv:extractDebugAnnotations UP-TO-DATE
> Task :react-native-mmkv:extractDeepLinksForAarDebug UP-TO-DATE
> Task :react-native-mmkv:mergeDebugGeneratedProguardFiles UP-TO-DATE
> Task :react-native-mmkv:mergeDebugConsumerProguardFiles UP-TO-DATE
> Task :react-native-mmkv:prepareDebugArtProfile UP-TO-DATE
> Task :react-native-mmkv:prepareLintJarForPublish UP-TO-DATE
> Task :react-native-mmkv:mergeDebugJavaResource UP-TO-DATE
> Task :react-native-mmkv:syncDebugLibJars UP-TO-DATE
> Task :react-native-mmkv:bundleDebugAar UP-TO-DATE
> Task :react-native-mmkv:assembleDebug UP-TO-DATE
> Task :react-native-nitro-modules:stripDebugDebugSymbols UP-TO-DATE
> Task :react-native-nitro-modules:copyDebugJniLibsProjectAndLocalJars UP-TO-DATE
> Task :react-native-nitro-modules:extractDebugAnnotations UP-TO-DATE
> Task :react-native-nitro-modules:extractDeepLinksForAarDebug UP-TO-DATE
> Task :react-native-nitro-modules:mergeDebugGeneratedProguardFiles UP-TO-DATE
> Task :react-native-nitro-modules:mergeDebugConsumerProguardFiles UP-TO-DATE
> Task :react-native-nitro-modules:prepareDebugArtProfile UP-TO-DATE
> Task :react-native-nitro-modules:prepareLintJarForPublish UP-TO-DATE
> Task :react-native-nitro-modules:mergeDebugJavaResource UP-TO-DATE
> Task :react-native-nitro-modules:syncDebugLibJars UP-TO-DATE
> Task :react-native-nitro-modules:bundleDebugAar UP-TO-DATE
> Task :react-native-nitro-modules:assembleDebug UP-TO-DATE
> Task :react-native-permissions:stripDebugDebugSymbols NO-SOURCE
> Task :react-native-permissions:copyDebugJniLibsProjectAndLocalJars UP-TO-DATE
> Task :react-native-permissions:extractDebugAnnotations UP-TO-DATE
> Task :react-native-permissions:extractDeepLinksForAarDebug UP-TO-DATE
> Task :react-native-permissions:mergeDebugGeneratedProguardFiles UP-TO-DATE
> Task :react-native-permissions:mergeDebugConsumerProguardFiles UP-TO-DATE
> Task :react-native-permissions:prepareDebugArtProfile UP-TO-DATE
> Task :react-native-permissions:prepareLintJarForPublish UP-TO-DATE
> Task :react-native-permissions:mergeDebugJavaResource UP-TO-DATE
> Task :react-native-permissions:syncDebugLibJars UP-TO-DATE
> Task :react-native-permissions:bundleDebugAar UP-TO-DATE
> Task :react-native-permissions:assembleDebug UP-TO-DATE
> Task :react-native-reanimated:stripDebugDebugSymbols UP-TO-DATE
> Task :react-native-reanimated:copyDebugJniLibsProjectAndLocalJars UP-TO-DATE
> Task :react-native-reanimated:extractDebugAnnotations UP-TO-DATE
> Task :react-native-reanimated:extractDeepLinksForAarDebug UP-TO-DATE
> Task :react-native-reanimated:mergeDebugGeneratedProguardFiles UP-TO-DATE
> Task :react-native-reanimated:mergeDebugConsumerProguardFiles UP-TO-DATE
> Task :react-native-reanimated:prepareDebugArtProfile UP-TO-DATE
> Task :react-native-reanimated:prepareLintJarForPublish UP-TO-DATE
> Task :react-native-reanimated:mergeDebugJavaResource UP-TO-DATE
> Task :react-native-reanimated:syncDebugLibJars UP-TO-DATE
> Task :react-native-reanimated:bundleDebugAar UP-TO-DATE
> Task :react-native-reanimated:assembleDebug UP-TO-DATE
> Task :react-native-safe-area-context:stripDebugDebugSymbols NO-SOURCE
> Task :react-native-safe-area-context:copyDebugJniLibsProjectAndLocalJars UP-TO-DATE
> Task :react-native-safe-area-context:extractDebugAnnotations UP-TO-DATE
> Task :react-native-safe-area-context:extractDeepLinksForAarDebug UP-TO-DATE
> Task :react-native-safe-area-context:mergeDebugGeneratedProguardFiles UP-TO-DATE
> Task :react-native-safe-area-context:mergeDebugConsumerProguardFiles UP-TO-DATE
> Task :react-native-safe-area-context:prepareDebugArtProfile UP-TO-DATE
> Task :react-native-safe-area-context:prepareLintJarForPublish UP-TO-DATE
> Task :react-native-safe-area-context:mergeDebugJavaResource UP-TO-DATE
> Task :react-native-safe-area-context:syncDebugLibJars UP-TO-DATE
> Task :react-native-safe-area-context:bundleDebugAar UP-TO-DATE
> Task :react-native-safe-area-context:assembleDebug UP-TO-DATE
> Task :react-native-screens:stripDebugDebugSymbols UP-TO-DATE
> Task :react-native-screens:copyDebugJniLibsProjectAndLocalJars UP-TO-DATE
> Task :react-native-screens:extractDebugAnnotations UP-TO-DATE
> Task :react-native-screens:extractDeepLinksForAarDebug UP-TO-DATE
> Task :react-native-screens:mergeDebugGeneratedProguardFiles UP-TO-DATE
> Task :react-native-screens:mergeDebugConsumerProguardFiles UP-TO-DATE
> Task :react-native-screens:prepareDebugArtProfile UP-TO-DATE
> Task :react-native-screens:prepareLintJarForPublish UP-TO-DATE
> Task :react-native-screens:mergeDebugJavaResource UP-TO-DATE
> Task :react-native-screens:syncDebugLibJars UP-TO-DATE
> Task :react-native-screens:bundleDebugAar UP-TO-DATE
> Task :react-native-screens:assembleDebug UP-TO-DATE
> Task :react-native-svg:stripDebugDebugSymbols NO-SOURCE
> Task :react-native-svg:copyDebugJniLibsProjectAndLocalJars UP-TO-DATE
> Task :react-native-svg:extractDebugAnnotations UP-TO-DATE
> Task :react-native-svg:extractDeepLinksForAarDebug UP-TO-DATE
> Task :react-native-svg:mergeDebugGeneratedProguardFiles UP-TO-DATE
> Task :react-native-svg:mergeDebugConsumerProguardFiles UP-TO-DATE
> Task :react-native-svg:prepareDebugArtProfile UP-TO-DATE
> Task :react-native-svg:prepareLintJarForPublish UP-TO-DATE
> Task :react-native-svg:mergeDebugJavaResource UP-TO-DATE
> Task :react-native-svg:syncDebugLibJars UP-TO-DATE
> Task :react-native-svg:bundleDebugAar UP-TO-DATE
> Task :react-native-svg:assembleDebug UP-TO-DATE
> Task :react-native-webview:stripDebugDebugSymbols NO-SOURCE
> Task :react-native-webview:copyDebugJniLibsProjectAndLocalJars UP-TO-DATE
> Task :react-native-webview:extractDebugAnnotations UP-TO-DATE
> Task :react-native-webview:extractDeepLinksForAarDebug UP-TO-DATE
> Task :react-native-webview:mergeDebugGeneratedProguardFiles UP-TO-DATE
> Task :react-native-webview:mergeDebugConsumerProguardFiles UP-TO-DATE
> Task :react-native-webview:prepareDebugArtProfile UP-TO-DATE
> Task :react-native-webview:prepareLintJarForPublish UP-TO-DATE
> Task :react-native-webview:mergeDebugJavaResource UP-TO-DATE
> Task :react-native-webview:syncDebugLibJars UP-TO-DATE
> Task :react-native-webview:bundleDebugAar UP-TO-DATE
> Task :react-native-webview:assembleDebug UP-TO-DATE
> Task :react-native-worklets:stripDebugDebugSymbols UP-TO-DATE
> Task :react-native-worklets:copyDebugJniLibsProjectAndLocalJars UP-TO-DATE
> Task :react-native-worklets:extractDebugAnnotations UP-TO-DATE
> Task :react-native-worklets:extractDeepLinksForAarDebug UP-TO-DATE
> Task :react-native-worklets:mergeDebugGeneratedProguardFiles UP-TO-DATE
> Task :react-native-worklets:mergeDebugConsumerProguardFiles UP-TO-DATE
> Task :react-native-worklets:prepareDebugArtProfile UP-TO-DATE
> Task :react-native-worklets:prepareLintJarForPublish UP-TO-DATE
> Task :react-native-worklets:mergeDebugJavaResource UP-TO-DATE
> Task :react-native-worklets:syncDebugLibJars UP-TO-DATE
> Task :react-native-worklets:bundleDebugAar UP-TO-DATE
> Task :react-native-worklets:assembleDebug UP-TO-DATE
> Task :rn-animated-tabbar:stripDebugDebugSymbols NO-SOURCE
> Task :rn-animated-tabbar:copyDebugJniLibsProjectAndLocalJars UP-TO-DATE
> Task :rn-animated-tabbar:extractDebugAnnotations UP-TO-DATE
> Task :rn-animated-tabbar:extractDeepLinksForAarDebug UP-TO-DATE
> Task :rn-animated-tabbar:mergeDebugGeneratedProguardFiles UP-TO-DATE
> Task :rn-animated-tabbar:mergeDebugConsumerProguardFiles UP-TO-DATE
> Task :rn-animated-tabbar:prepareDebugArtProfile UP-TO-DATE
> Task :rn-animated-tabbar:prepareLintJarForPublish UP-TO-DATE
> Task :rn-animated-tabbar:mergeDebugJavaResource UP-TO-DATE
> Task :rn-animated-tabbar:syncDebugLibJars UP-TO-DATE
> Task :rn-animated-tabbar:bundleDebugAar UP-TO-DATE
> Task :rn-animated-tabbar:assembleDebug UP-TO-DATE
> Task :shiftsmartinc_react-native-zendesk-support:stripDebugDebugSymbols NO-SOURCE
> Task :shiftsmartinc_react-native-zendesk-support:copyDebugJniLibsProjectAndLocalJars UP-TO-DATE
> Task :shiftsmartinc_react-native-zendesk-support:extractDebugAnnotations UP-TO-DATE
> Task :shiftsmartinc_react-native-zendesk-support:extractDeepLinksForAarDebug UP-TO-DATE
> Task :shiftsmartinc_react-native-zendesk-support:mergeDebugGeneratedProguardFiles UP-TO-DATE
> Task :shiftsmartinc_react-native-zendesk-support:mergeDebugConsumerProguardFiles UP-TO-DATE
> Task :shiftsmartinc_react-native-zendesk-support:prepareDebugArtProfile UP-TO-DATE
> Task :shiftsmartinc_react-native-zendesk-support:prepareLintJarForPublish UP-TO-DATE
> Task :shiftsmartinc_react-native-zendesk-support:mergeDebugJavaResource UP-TO-DATE
> Task :shiftsmartinc_react-native-zendesk-support:syncDebugLibJars UP-TO-DATE
> Task :shiftsmartinc_react-native-zendesk-support:bundleDebugAar UP-TO-DATE
> Task :shiftsmartinc_react-native-zendesk-support:assembleDebug UP-TO-DATE
> Task :sp-react-native-in-app-updates:stripDebugDebugSymbols NO-SOURCE
> Task :sp-react-native-in-app-updates:copyDebugJniLibsProjectAndLocalJars UP-TO-DATE
> Task :sp-react-native-in-app-updates:extractDebugAnnotations UP-TO-DATE
> Task :sp-react-native-in-app-updates:extractDeepLinksForAarDebug UP-TO-DATE
> Task :sp-react-native-in-app-updates:mergeDebugGeneratedProguardFiles UP-TO-DATE
> Task :sp-react-native-in-app-updates:mergeDebugConsumerProguardFiles UP-TO-DATE
> Task :sp-react-native-in-app-updates:prepareDebugArtProfile UP-TO-DATE
> Task :sp-react-native-in-app-updates:prepareLintJarForPublish UP-TO-DATE
> Task :sp-react-native-in-app-updates:mergeDebugJavaResource UP-TO-DATE
> Task :sp-react-native-in-app-updates:syncDebugLibJars UP-TO-DATE
> Task :sp-react-native-in-app-updates:bundleDebugAar UP-TO-DATE
> Task :sp-react-native-in-app-updates:assembleDebug UP-TO-DATE
> Task :sumsub_react-native-mobilesdk-module:stripDebugDebugSymbols NO-SOURCE
> Task :sumsub_react-native-mobilesdk-module:copyDebugJniLibsProjectAndLocalJars UP-TO-DATE
> Task :sumsub_react-native-mobilesdk-module:extractDebugAnnotations UP-TO-DATE
> Task :sumsub_react-native-mobilesdk-module:extractDeepLinksForAarDebug UP-TO-DATE
> Task :sumsub_react-native-mobilesdk-module:mergeDebugGeneratedProguardFiles UP-TO-DATE
> Task :sumsub_react-native-mobilesdk-module:mergeDebugConsumerProguardFiles UP-TO-DATE
> Task :sumsub_react-native-mobilesdk-module:prepareDebugArtProfile UP-TO-DATE
> Task :sumsub_react-native-mobilesdk-module:prepareLintJarForPublish UP-TO-DATE
> Task :sumsub_react-native-mobilesdk-module:mergeDebugJavaResource UP-TO-DATE
> Task :sumsub_react-native-mobilesdk-module:syncDebugLibJars UP-TO-DATE
> Task :sumsub_react-native-mobilesdk-module:bundleDebugAar UP-TO-DATE
> Task :sumsub_react-native-mobilesdk-module:assembleDebug UP-TO-DATE

[Incubating] Problems report is available at: file:///Users/new/Desktop/ReactProjects/GigPay/android/build/reports/problems/problems-report.html

Deprecated Gradle features were used in this build, making it incompatible with Gradle 10.

You can use '--warning-mode all' to show the individual deprecation warnings and determine if they come from your own scripts or plugins.

For more on this, please refer to https://docs.gradle.org/9.3.1/userguide/command_line_interface.html#sec:command_line_warnings in the Gradle documentation.

BUILD SUCCESSFUL in 18s
1207 actionable tasks: 24 executed, 1183 up-to-date
